{"v":"5.5.7","meta":{"g":"LottieFiles AE 0.1.20","a":"","k":"","d":"","tc":""},"fr":25,"ip":0,"op":124,"w":1600,"h":1200,"nm":"Daytime","ddd":0,"assets":[{"id":"comp_0","layers":[{"ddd":0,"ind":1,"ty":4,"nm":"Tab","sr":1,"ks":{"o":{"a":0,"k":100,"ix":11},"r":{"a":0,"k":0,"ix":10},"p":{"a":0,"k":[720,680,0],"ix":2},"a":{"a":0,"k":[0,0,0],"ix":1},"s":{"a":0,"k":[100,100,100],"ix":6}},"ao":0,"shapes":[{"ty":"gr","it":[{"d":1,"ty":"el","s":{"a":0,"k":[8,9.5],"ix":2},"p":{"a":0,"k":[0,0],"ix":3},"nm":"Ellipse Path 1","mn":"ADBE Vector Shape - Ellipse","hd":false},{"ty":"fl","c":{"a":0,"k":[0.898039275525,0.423529441684,0.176470588235,1],"ix":4},"o":{"a":0,"k":100,"ix":5},"r":1,"bm":0,"nm":"Fill 1","mn":"ADBE Vector Graphic - Fill","hd":false},{"ty":"tr","p":{"a":0,"k":[99.5,-153.75],"ix":2},"a":{"a":0,"k":[0,0],"ix":1},"s":{"a":0,"k":[100,100],"ix":3},"r":{"a":0,"k":0,"ix":6},"o":{"a":0,"k":100,"ix":7},"sk":{"a":0,"k":0,"ix":4},"sa":{"a":0,"k":0,"ix":5},"nm":"Transform"}],"nm":"Ellipse 1","np":3,"cix":2,"bm":0,"ix":1,"mn":"ADBE Vector Group","hd":false},{"ty":"gr","it":[{"ind":0,"ty":"sh","ix":1,"ks":{"a":0,"k":{"i":[[0,0],[0,0],[0,0],[0,0],[0,0]],"o":[[0,0],[0,0],[0,0],[0,0],[0,0]],"v":[[126,-121.5],[123.5,-112.5],[107,-126],[111.5,-89],[149,-106]],"c":true},"ix":2},"nm":"Path 1","mn":"ADBE Vector Shape - Group","hd":false},{"ty":"fl","c":{"a":0,"k":[0.898039275525,0.423529441684,0.176470588235,1],"ix":4},"o":{"a":0,"k":100,"ix":5},"r":1,"bm":0,"nm":"Fill 1","mn":"ADBE Vector Graphic - Fill","hd":false},{"ty":"tr","p":{"a":0,"k":[-12.5,-18],"ix":2},"a":{"a":0,"k":[0,0],"ix":1},"s":{"a":0,"k":[100,100],"ix":3},"r":{"a":0,"k":0,"ix":6},"o":{"a":0,"k":100,"ix":7},"sk":{"a":0,"k":0,"ix":4},"sa":{"a":0,"k":0,"ix":5},"nm":"Transform"}],"nm":"Shape 4","np":3,"cix":2,"bm":0,"ix":2,"mn":"ADBE Vector Group","hd":false},{"ty":"gr","it":[{"ind":0,"ty":"sh","ix":1,"ks":{"a":0,"k":{"i":[[0,0],[0,0],[0,0],[0,0]],"o":[[0,0],[0,0],[0,0],[0,0]],"v":[[109,-190],[50.833,-177],[103.778,-80.722],[156.055,-109.056]],"c":true},"ix":2},"nm":"Path 1","mn":"ADBE Vector Shape - Group","hd":false},{"ty":"fl","c":{"a":0,"k":[0.352941176471,0.752941236309,1,1],"ix":4},"o":{"a":0,"k":100,"ix":5},"r":1,"bm":0,"nm":"Fill 1","mn":"ADBE Vector Graphic - Fill","hd":false},{"ty":"tr","p":{"a":0,"k":[9,-16.25],"ix":2},"a":{"a":0,"k":[0,0],"ix":1},"s":{"a":0,"k":[90,90],"ix":3},"r":{"a":0,"k":0,"ix":6},"o":{"a":0,"k":100,"ix":7},"sk":{"a":0,"k":0,"ix":4},"sa":{"a":0,"k":0,"ix":5},"nm":"Transform"}],"nm":"Shape 3","np":3,"cix":2,"bm":0,"ix":3,"mn":"ADBE Vector Group","hd":false},{"ty":"gr","it":[{"ind":0,"ty":"sh","ix":1,"ks":{"a":0,"k":{"i":[[0,0],[0,0],[0,0],[0,0]],"o":[[0,0],[0,0],[0,0],[0,0]],"v":[[109,-190],[50,-177],[101,-83.5],[153,-113.5]],"c":true},"ix":2},"nm":"Path 1","mn":"ADBE Vector Shape - Group","hd":false},{"ty":"fl","c":{"a":0,"k":[0.929411764706,0.929411764706,0.929411764706,1],"ix":4},"o":{"a":0,"k":100,"ix":5},"r":1,"bm":0,"nm":"Fill 1","mn":"ADBE Vector Graphic - Fill","hd":false},{"ty":"tr","p":{"a":0,"k":[0,0],"ix":2},"a":{"a":0,"k":[0,0],"ix":1},"s":{"a":0,"k":[100,100],"ix":3},"r":{"a":0,"k":0,"ix":6},"o":{"a":0,"k":100,"ix":7},"sk":{"a":0,"k":0,"ix":4},"sa":{"a":0,"k":0,"ix":5},"nm":"Transform"}],"nm":"Shape 1","np":3,"cix":2,"bm":0,"ix":4,"mn":"ADBE Vector Group","hd":false},{"ty":"gr","it":[{"ind":0,"ty":"sh","ix":1,"ks":{"a":0,"k":{"i":[[0,0],[0,0],[0,0],[0,0],[0,0],[0,0]],"o":[[0,0],[0,0],[0,0],[0,0],[0,0],[0,0]],"v":[[49.875,-177.125],[50,-170.438],[99.5,-79.75],[152,-109.75],[152.5,-113.75],[101.625,-84.25]],"c":true},"ix":2},"nm":"Path 1","mn":"ADBE Vector Shape - Group","hd":false},{"ty":"fl","c":{"a":0,"k":[0.658823529412,0.658823529412,0.658823529412,1],"ix":4},"o":{"a":0,"k":100,"ix":5},"r":1,"bm":0,"nm":"Fill 1","mn":"ADBE Vector Graphic - Fill","hd":false},{"ty":"tr","p":{"a":0,"k":[0,0],"ix":2},"a":{"a":0,"k":[0,0],"ix":1},"s":{"a":0,"k":[100,100],"ix":3},"r":{"a":0,"k":0,"ix":6},"o":{"a":0,"k":100,"ix":7},"sk":{"a":0,"k":0,"ix":4},"sa":{"a":0,"k":0,"ix":5},"nm":"Transform"}],"nm":"Shape 2","np":3,"cix":2,"bm":0,"ix":5,"mn":"ADBE Vector Group","hd":false}],"ip":0,"op":124,"st":0,"bm":0},{"ddd":0,"ind":2,"ty":4,"nm":"Mug","sr":1,"ks":{"o":{"a":0,"k":100,"ix":11},"r":{"a":0,"k":0,"ix":10},"p":{"a":0,"k":[772.948,653.838,0],"ix":2},"a":{"a":0,"k":[39.448,-22.162,0],"ix":1},"s":{"a":0,"k":[80,80,100],"ix":6}},"ao":0,"shapes":[{"ty":"gr","it":[{"ind":0,"ty":"sh","ix":1,"ks":{"a":0,"k":{"i":[[2.5,23.75],[0,0],[-8.75,2.5]],"o":[[-31.25,9.375],[0,0],[1.25,-25]],"v":[[98.263,-76.334],[96.388,-36.959],[115.138,-30.709]],"c":true},"ix":2},"nm":"Path 1","mn":"ADBE Vector Shape - Group","hd":false},{"ty":"fl","c":{"a":0,"k":[1,0.658823529412,0.454901990704,1],"ix":4},"o":{"a":0,"k":100,"ix":5},"r":1,"bm":0,"nm":"Fill 1","mn":"ADBE Vector Graphic - Fill","hd":false},{"ty":"tr","p":{"a":0,"k":[0,0],"ix":2},"a":{"a":0,"k":[0,0],"ix":1},"s":{"a":0,"k":[100,100],"ix":3},"r":{"a":0,"k":0,"ix":6},"o":{"a":0,"k":100,"ix":7},"sk":{"a":0,"k":0,"ix":4},"sa":{"a":0,"k":0,"ix":5},"nm":"Transform"}],"nm":"Shape 4","np":3,"cix":2,"bm":0,"ix":1,"mn":"ADBE Vector Group","hd":false},{"ty":"gr","it":[{"ind":0,"ty":"sh","ix":1,"ks":{"a":0,"k":{"i":[[20.625,35.625],[0,0],[-1.044,-41.748],[-17.265,-3.738]],"o":[[-5.983,-10.334],[0,0],[0.543,21.713],[11.59,2.509]],"v":[[116.388,-33.209],[84.825,-42.272],[85.763,7.416],[112.325,31.478]],"c":true},"ix":2},"nm":"Path 1","mn":"ADBE Vector Shape - Group","hd":false},{"ty":"fl","c":{"a":0,"k":[1,0.658823529412,0.454901990704,1],"ix":4},"o":{"a":0,"k":100,"ix":5},"r":1,"bm":0,"nm":"Fill 1","mn":"ADBE Vector Graphic - Fill","hd":false},{"ty":"tr","p":{"a":0,"k":[0,0],"ix":2},"a":{"a":0,"k":[0,0],"ix":1},"s":{"a":0,"k":[100,100],"ix":3},"r":{"a":0,"k":0,"ix":6},"o":{"a":0,"k":100,"ix":7},"sk":{"a":0,"k":0,"ix":4},"sa":{"a":0,"k":0,"ix":5},"nm":"Transform"}],"nm":"Shape 2","np":3,"cix":2,"bm":0,"ix":2,"mn":"ADBE Vector Group","hd":false},{"ty":"gr","it":[{"d":1,"ty":"el","s":{"a":0,"k":[98,7],"ix":2},"p":{"a":0,"k":[0,0],"ix":3},"nm":"Ellipse Path 1","mn":"ADBE Vector Shape - Ellipse","hd":false},{"ty":"fl","c":{"a":0,"k":[0.658823529412,0.658823529412,0.658823529412,1],"ix":4},"o":{"a":0,"k":100,"ix":5},"r":1,"bm":0,"nm":"Fill 1","mn":"ADBE Vector Graphic - Fill","hd":false},{"ty":"tr","p":{"a":0,"k":[39.25,-72.25],"ix":2},"a":{"a":0,"k":[0,0],"ix":1},"s":{"a":0,"k":[91.029,59.259],"ix":3},"r":{"a":0,"k":0,"ix":6},"o":{"a":0,"k":100,"ix":7},"sk":{"a":0,"k":0,"ix":4},"sa":{"a":0,"k":0,"ix":5},"nm":"Transform"}],"nm":"Ellipse 1","np":3,"cix":2,"bm":0,"ix":3,"mn":"ADBE Vector Group","hd":false},{"ty":"gr","it":[{"ind":0,"ty":"sh","ix":1,"ks":{"a":0,"k":{"i":[[0.25,-0.5],[0,0],[11.046,0],[0,0],[0,11.046],[0,0]],"o":[[0,0],[0,11.046],[0,0],[-11.046,0],[0,0],[-0.25,-0.25]],"v":[[44.75,-30],[44.75,52.5],[23.5,72.5],[-23.5,72.5],[-44.5,52.5],[-44.5,-29.5]],"c":true},"ix":2},"nm":"Path 1","mn":"ADBE Vector Shape - Group","hd":false},{"ty":"fl","c":{"a":0,"k":[0.933333393172,0.933333393172,0.933333393172,1],"ix":4},"o":{"a":0,"k":100,"ix":5},"r":1,"bm":0,"nm":"Fill 1","mn":"ADBE Vector Graphic - Fill","hd":false},{"ty":"tr","p":{"a":0,"k":[39.5,-42.5],"ix":2},"a":{"a":0,"k":[0,0],"ix":1},"s":{"a":0,"k":[100,100],"ix":3},"r":{"a":0,"k":0,"ix":6},"o":{"a":0,"k":100,"ix":7},"sk":{"a":0,"k":0,"ix":4},"sa":{"a":0,"k":0,"ix":5},"nm":"Transform"}],"nm":"Rectangle 1","np":3,"cix":2,"bm":0,"ix":4,"mn":"ADBE Vector Group","hd":false},{"ty":"gr","it":[{"ind":0,"ty":"sh","ix":1,"ks":{"a":0,"k":{"i":[[0,0],[-14.004,2.98],[0.5,-15.5],[0,0],[-1,-18.5],[3.103,21.281]],"o":[[0,0],[23.5,-5],[-0.13,4.029],[0,0],[52.5,32.5],[-3.5,-24]],"v":[[66,-53],[75.5,-37],[94,-3.5],[71.5,-3],[64.5,5.5],[107,-36.5]],"c":true},"ix":2},"nm":"Path 1","mn":"ADBE Vector Shape - Group","hd":false},{"ty":"fl","c":{"a":0,"k":[0.933333393172,0.933333393172,0.933333393172,1],"ix":4},"o":{"a":0,"k":100,"ix":5},"r":1,"bm":0,"nm":"Fill 1","mn":"ADBE Vector Graphic - Fill","hd":false},{"ty":"tr","p":{"a":0,"k":[0,0],"ix":2},"a":{"a":0,"k":[0,0],"ix":1},"s":{"a":0,"k":[100,100],"ix":3},"r":{"a":0,"k":0,"ix":6},"o":{"a":0,"k":100,"ix":7},"sk":{"a":0,"k":0,"ix":4},"sa":{"a":0,"k":0,"ix":5},"nm":"Transform"}],"nm":"Shape 1","np":3,"cix":2,"bm":0,"ix":5,"mn":"ADBE Vector Group","hd":false},{"ty":"gr","it":[{"ind":0,"ty":"sh","ix":1,"ks":{"a":0,"k":{"i":[[10.625,2.5],[0,0],[-3.125,5.625]],"o":[[-10.625,-2.5],[0,0],[1.357,-2.443]],"v":[[92.638,-66.334],[84.513,-45.084],[101.388,-38.209]],"c":true},"ix":2},"nm":"Path 1","mn":"ADBE Vector Shape - Group","hd":false},{"ty":"fl","c":{"a":0,"k":[1,0.658823529412,0.454901990704,1],"ix":4},"o":{"a":0,"k":100,"ix":5},"r":1,"bm":0,"nm":"Fill 1","mn":"ADBE Vector Graphic - Fill","hd":false},{"ty":"tr","p":{"a":0,"k":[0,0],"ix":2},"a":{"a":0,"k":[0,0],"ix":1},"s":{"a":0,"k":[100,100],"ix":3},"r":{"a":0,"k":0,"ix":6},"o":{"a":0,"k":100,"ix":7},"sk":{"a":0,"k":0,"ix":4},"sa":{"a":0,"k":0,"ix":5},"nm":"Transform"}],"nm":"Shape 3","np":3,"cix":2,"bm":0,"ix":6,"mn":"ADBE Vector Group","hd":false}],"ip":0,"op":124,"st":0,"bm":0},{"ddd":0,"ind":3,"ty":4,"nm":"Smoke","sr":1,"ks":{"o":{"a":0,"k":40,"ix":11},"r":{"a":0,"k":0,"ix":10},"p":{"a":0,"k":[769,640.644,0],"ix":2},"a":{"a":0,"k":[49,-39.356,0],"ix":1},"s":{"a":0,"k":[100,100,100],"ix":6}},"ao":0,"shapes":[{"ty":"gr","it":[{"ind":0,"ty":"sh","ix":1,"ks":{"a":1,"k":[{"i":{"x":0.833,"y":0.833},"o":{"x":0.167,"y":0.167},"t":68.621,"s":[{"i":[[-11.5,-13],[0,0],[-12.641,2.05],[2.044,27.588],[26.5,34.5]],"o":[[14.063,15.897],[0,0],[18.5,-3],[-1,-13.5],[14,31]],"v":[[49.5,-29.5],[47.5,-24],[60,-8.5],[64,-29],[40.5,-60]],"c":true}]},{"i":{"x":0.833,"y":0.833},"o":{"x":0.167,"y":0.167},"t":74.641,"s":[{"i":[[-11.5,-13],[0,0],[-12.641,2.05],[2.044,27.588],[26.5,34.5]],"o":[[14.063,15.897],[0,0],[18.5,-3],[-1,-13.5],[14,31]],"v":[[49.5,-29.5],[47.5,-24],[60,-8.5],[64,-29],[41.5,-78]],"c":true}]},{"i":{"x":0.833,"y":0.833},"o":{"x":0.167,"y":0.167},"t":83.068,"s":[{"i":[[-11.5,-13],[0,0],[-12.641,2.05],[2.044,27.588],[-12.5,45.5]],"o":[[14.063,15.897],[0,0],[18.5,-3],[-1,-13.5],[-16.5,31]],"v":[[45,-42.5],[47.5,-24],[60,-8.5],[64.5,-45.5],[55,-109]],"c":true}]},{"i":{"x":0.833,"y":0.833},"o":{"x":0.167,"y":0.167},"t":91.495,"s":[{"i":[[-2.242,-16.657],[0,0],[-12.641,2.05],[6.491,26.891],[14.5,32.5]],"o":[[7,52],[0,0],[18.5,-3],[-7,-29],[2,28]],"v":[[51,-78],[40.5,-32.5],[60,-8.5],[67,-77.5],[59.5,-137.5]],"c":true}]},{"i":{"x":0.833,"y":0.833},"o":{"x":0.167,"y":0.167},"t":98.719,"s":[{"i":[[3.5,-17],[0,0],[-12.641,2.05],[6.491,26.891],[-8.5,33.5]],"o":[[-7.908,38.412],[0,0],[18.5,-3],[-7,-29],[-19.5,17.5]],"v":[[48.5,-107.5],[49.5,-58],[61,-39.5],[73.5,-82],[77.5,-153.5]],"c":true}]},{"i":{"x":0.833,"y":0.833},"o":{"x":0.167,"y":0.167},"t":107.146,"s":[{"i":[[2.806,-16.834],[-5.38,-9.864],[-11.454,5.727],[14.739,23.409],[27,28]],"o":[[-2,12],[3,5.5],[13,-6.5],[-8.5,-13.5],[2,26]],"v":[[51,-130.5],[57.5,-94],[80.5,-79],[74,-134],[41,-178.5]],"c":true}]},{"i":{"x":0.833,"y":0.833},"o":{"x":0.167,"y":0.167},"t":115.573,"s":[{"i":[[2.806,-16.834],[-5.38,-9.864],[-5.247,3.206],[14.739,23.409],[-1.25,23.75]],"o":[[-2,12],[3,5.5],[4.5,-2.75],[-8.5,-13.5],[-5.5,22.5]],"v":[[44.75,-159.75],[55,-131.25],[67,-119.75],[52,-149.25],[54.5,-200.5]],"c":true}]},{"t":124,"s":[{"i":[[-4.5,-14.5],[-5.38,-9.864],[0.5,0.25],[0,3.041],[15.5,16]],"o":[[3.606,11.619],[3,5.5],[0.25,0],[0,-4],[8.75,11.75]],"v":[[45.25,-180.75],[49.75,-160.5],[57.25,-142.25],[47.25,-167.75],[31.25,-207]],"c":true}]}],"ix":2},"nm":"Path 1","mn":"ADBE Vector Shape - Group","hd":false},{"ty":"fl","c":{"a":0,"k":[1,1,1,1],"ix":4},"o":{"a":0,"k":100,"ix":5},"r":1,"bm":0,"nm":"Fill 1","mn":"ADBE Vector Graphic - Fill","hd":false},{"ty":"tr","p":{"a":0,"k":[-24,2],"ix":2},"a":{"a":0,"k":[0,0],"ix":1},"s":{"a":0,"k":[100,100],"ix":3},"r":{"a":0,"k":0,"ix":6},"o":{"a":1,"k":[{"i":{"x":[0.833],"y":[0.833]},"o":{"x":[0.167],"y":[0.167]},"t":115.573,"s":[100]},{"t":124,"s":[0]}],"ix":7},"sk":{"a":0,"k":0,"ix":4},"sa":{"a":0,"k":0,"ix":5},"nm":"Transform"}],"nm":"Shape 5","np":3,"cix":2,"bm":0,"ix":1,"mn":"ADBE Vector Group","hd":false},{"ty":"gr","it":[{"ind":0,"ty":"sh","ix":1,"ks":{"a":1,"k":[{"i":{"x":0.833,"y":0.833},"o":{"x":0.167,"y":0.167},"t":52.971,"s":[{"i":[[-11.5,-13],[0,0],[-12.641,2.05],[2.044,27.588],[26.5,34.5]],"o":[[14.063,15.897],[0,0],[18.5,-3],[-1,-13.5],[14,31]],"v":[[49.5,-29.5],[47.5,-24],[60,-8.5],[64,-29],[40.5,-60]],"c":true}]},{"i":{"x":0.833,"y":0.833},"o":{"x":0.167,"y":0.167},"t":58.99,"s":[{"i":[[-11.5,-13],[0,0],[-12.641,2.05],[2.044,27.588],[26.5,34.5]],"o":[[14.063,15.897],[0,0],[18.5,-3],[-1,-13.5],[14,31]],"v":[[49.5,-29.5],[47.5,-24],[60,-8.5],[64,-29],[41.5,-78]],"c":true}]},{"i":{"x":0.833,"y":0.833},"o":{"x":0.167,"y":0.167},"t":68.621,"s":[{"i":[[-11.5,-13],[0,0],[-12.641,2.05],[2.044,27.588],[-12.5,45.5]],"o":[[14.063,15.897],[0,0],[18.5,-3],[-1,-13.5],[-16.5,31]],"v":[[45,-42.5],[47.5,-24],[60,-8.5],[64.5,-45.5],[55,-109]],"c":true}]},{"i":{"x":0.833,"y":0.833},"o":{"x":0.167,"y":0.167},"t":75.845,"s":[{"i":[[-2.242,-16.657],[0,0],[-12.641,2.05],[6.491,26.891],[14.5,32.5]],"o":[[7,52],[0,0],[18.5,-3],[-7,-29],[2,28]],"v":[[51,-78],[40.5,-32.5],[60,-8.5],[67,-77.5],[59.5,-137.5]],"c":true}]},{"i":{"x":0.833,"y":0.833},"o":{"x":0.167,"y":0.167},"t":83.068,"s":[{"i":[[3.5,-17],[0,0],[-12.641,2.05],[6.491,26.891],[-8.5,33.5]],"o":[[-7.908,38.412],[0,0],[18.5,-3],[-7,-29],[-19.5,17.5]],"v":[[48.5,-107.5],[49.5,-58],[61,-39.5],[73.5,-82],[77.5,-153.5]],"c":true}]},{"i":{"x":0.833,"y":0.833},"o":{"x":0.167,"y":0.167},"t":91.495,"s":[{"i":[[2.806,-16.834],[-5.38,-9.864],[-11.454,5.727],[14.739,23.409],[27,28]],"o":[[-2,12],[3,5.5],[13,-6.5],[-8.5,-13.5],[2,26]],"v":[[51,-130.5],[57.5,-94],[80.5,-79],[74,-134],[41,-178.5]],"c":true}]},{"i":{"x":0.833,"y":0.833},"o":{"x":0.167,"y":0.167},"t":99.922,"s":[{"i":[[2.806,-16.834],[-5.38,-9.864],[-5.247,3.206],[14.739,23.409],[-1.25,23.75]],"o":[[-2,12],[3,5.5],[4.5,-2.75],[-8.5,-13.5],[-5.5,22.5]],"v":[[44.75,-159.75],[55,-131.25],[67,-119.75],[52,-149.25],[54.5,-200.5]],"c":true}]},{"t":108.349609375,"s":[{"i":[[-4.5,-14.5],[-5.38,-9.864],[0.5,0.25],[0,3.041],[15.5,16]],"o":[[3.606,11.619],[3,5.5],[0.25,0],[0,-4],[8.75,11.75]],"v":[[45.25,-180.75],[49.75,-160.5],[57.25,-142.25],[47.25,-167.75],[31.25,-207]],"c":true}]}],"ix":2},"nm":"Path 1","mn":"ADBE Vector Shape - Group","hd":false},{"ty":"fl","c":{"a":0,"k":[1,1,1,1],"ix":4},"o":{"a":0,"k":100,"ix":5},"r":1,"bm":0,"nm":"Fill 1","mn":"ADBE Vector Graphic - Fill","hd":false},{"ty":"tr","p":{"a":0,"k":[-12,2],"ix":2},"a":{"a":0,"k":[0,0],"ix":1},"s":{"a":0,"k":[100,100],"ix":3},"r":{"a":0,"k":0,"ix":6},"o":{"a":1,"k":[{"i":{"x":[0.833],"y":[0.833]},"o":{"x":[0.167],"y":[0.167]},"t":99.922,"s":[100]},{"t":108.349609375,"s":[0]}],"ix":7},"sk":{"a":0,"k":0,"ix":4},"sa":{"a":0,"k":0,"ix":5},"nm":"Transform"}],"nm":"Shape 4","np":3,"cix":2,"bm":0,"ix":2,"mn":"ADBE Vector Group","hd":false},{"ty":"gr","it":[{"ind":0,"ty":"sh","ix":1,"ks":{"a":1,"k":[{"i":{"x":0.833,"y":0.833},"o":{"x":0.167,"y":0.167},"t":0,"s":[{"i":[[-11.5,-13],[0,0],[-12.641,2.05],[2.044,27.588],[26.5,34.5]],"o":[[14.063,15.897],[0,0],[18.5,-3],[-1,-13.5],[14,31]],"v":[[49.5,-29.5],[47.5,-24],[60,-8.5],[64,-29],[40.5,-60]],"c":true}]},{"i":{"x":0.833,"y":0.833},"o":{"x":0.167,"y":0.167},"t":6.02,"s":[{"i":[[-11.5,-13],[0,0],[-12.641,2.05],[2.044,27.588],[26.5,34.5]],"o":[[14.063,15.897],[0,0],[18.5,-3],[-1,-13.5],[14,31]],"v":[[49.5,-29.5],[47.5,-24],[60,-8.5],[64,-29],[41.5,-78]],"c":true}]},{"i":{"x":0.833,"y":0.833},"o":{"x":0.167,"y":0.167},"t":14.446,"s":[{"i":[[-11.5,-13],[0,0],[-12.641,2.05],[2.044,27.588],[-12.5,45.5]],"o":[[14.063,15.897],[0,0],[18.5,-3],[-1,-13.5],[-16.5,31]],"v":[[45,-42.5],[47.5,-24],[60,-8.5],[64.5,-45.5],[55,-109]],"c":true}]},{"i":{"x":0.833,"y":0.833},"o":{"x":0.167,"y":0.167},"t":22.874,"s":[{"i":[[-2.242,-16.657],[0,0],[-12.641,2.05],[6.491,26.891],[14.5,32.5]],"o":[[7,52],[0,0],[18.5,-3],[-7,-29],[2,28]],"v":[[51,-78],[40.5,-32.5],[60,-8.5],[67,-77.5],[59.5,-137.5]],"c":true}]},{"i":{"x":0.833,"y":0.833},"o":{"x":0.167,"y":0.167},"t":30.097,"s":[{"i":[[3.5,-17],[0,0],[-12.641,2.05],[6.491,26.891],[-8.5,33.5]],"o":[[-7.908,38.412],[0,0],[18.5,-3],[-7,-29],[-19.5,17.5]],"v":[[48.5,-107.5],[49.5,-58],[61,-39.5],[73.5,-82],[77.5,-153.5]],"c":true}]},{"i":{"x":0.833,"y":0.833},"o":{"x":0.167,"y":0.167},"t":38.524,"s":[{"i":[[2.806,-16.834],[-5.38,-9.864],[-11.454,5.727],[14.739,23.409],[27,28]],"o":[[-2,12],[3,5.5],[13,-6.5],[-8.5,-13.5],[2,26]],"v":[[51,-130.5],[57.5,-94],[80.5,-79],[74,-134],[41,-178.5]],"c":true}]},{"i":{"x":0.833,"y":0.833},"o":{"x":0.167,"y":0.167},"t":52.971,"s":[{"i":[[2.806,-16.834],[-5.38,-9.864],[-5.247,3.206],[14.739,23.409],[-1.25,23.75]],"o":[[-2,12],[3,5.5],[4.5,-2.75],[-8.5,-13.5],[-5.5,22.5]],"v":[[44.75,-159.75],[55,-131.25],[67,-119.75],[52,-149.25],[54.5,-200.5]],"c":true}]},{"t":61.3984375,"s":[{"i":[[-4.5,-14.5],[-5.38,-9.864],[0.5,0.25],[0,3.041],[15.5,16]],"o":[[3.606,11.619],[3,5.5],[0.25,0],[0,-4],[8.75,11.75]],"v":[[45.25,-180.75],[49.75,-160.5],[57.25,-142.25],[47.25,-167.75],[31.25,-207]],"c":true}]}],"ix":2},"nm":"Path 1","mn":"ADBE Vector Shape - Group","hd":false},{"ty":"fl","c":{"a":0,"k":[1,1,1,1],"ix":4},"o":{"a":0,"k":100,"ix":5},"r":1,"bm":0,"nm":"Fill 1","mn":"ADBE Vector Graphic - Fill","hd":false},{"ty":"tr","p":{"a":0,"k":[0,2],"ix":2},"a":{"a":0,"k":[0,0],"ix":1},"s":{"a":0,"k":[100,100],"ix":3},"r":{"a":0,"k":0,"ix":6},"o":{"a":1,"k":[{"i":{"x":[0.833],"y":[0.833]},"o":{"x":[0.167],"y":[0.167]},"t":52.971,"s":[100]},{"t":61.3984375,"s":[0]}],"ix":7},"sk":{"a":0,"k":0,"ix":4},"sa":{"a":0,"k":0,"ix":5},"nm":"Transform"}],"nm":"Shape 3","np":3,"cix":2,"bm":0,"ix":3,"mn":"ADBE Vector Group","hd":false},{"ty":"gr","it":[{"ind":0,"ty":"sh","ix":1,"ks":{"a":1,"k":[{"i":{"x":0.833,"y":0.833},"o":{"x":0.167,"y":0.167},"t":22.874,"s":[{"i":[[-11.5,-13],[0,0],[-12.641,2.05],[2.044,27.588],[26.5,34.5]],"o":[[14.063,15.897],[0,0],[18.5,-3],[-1,-13.5],[14,31]],"v":[[49.5,-29.5],[47.5,-24],[60,-8.5],[64,-29],[40.5,-60]],"c":true}]},{"i":{"x":0.833,"y":0.833},"o":{"x":0.167,"y":0.167},"t":28.894,"s":[{"i":[[-11.5,-13],[0,0],[-12.641,2.05],[2.044,27.588],[26.5,34.5]],"o":[[14.063,15.897],[0,0],[18.5,-3],[-1,-13.5],[14,31]],"v":[[49.5,-29.5],[47.5,-24],[60,-8.5],[64,-29],[41.5,-78]],"c":true}]},{"i":{"x":0.833,"y":0.833},"o":{"x":0.167,"y":0.167},"t":37.32,"s":[{"i":[[-11.5,-13],[0,0],[-12.641,2.05],[2.044,27.588],[-12.5,45.5]],"o":[[14.063,15.897],[0,0],[18.5,-3],[-1,-13.5],[-16.5,31]],"v":[[45,-42.5],[47.5,-24],[60,-8.5],[64.5,-45.5],[55,-109]],"c":true}]},{"i":{"x":0.833,"y":0.833},"o":{"x":0.167,"y":0.167},"t":45.748,"s":[{"i":[[-2.242,-16.657],[0,0],[-12.641,2.05],[6.491,26.891],[14.5,32.5]],"o":[[7,52],[0,0],[18.5,-3],[-7,-29],[2,28]],"v":[[51,-78],[40.5,-32.5],[60,-8.5],[67,-77.5],[59.5,-137.5]],"c":true}]},{"i":{"x":0.833,"y":0.833},"o":{"x":0.167,"y":0.167},"t":52.971,"s":[{"i":[[3.5,-17],[0,0],[-12.641,2.05],[6.491,26.891],[-8.5,33.5]],"o":[[-7.908,38.412],[0,0],[18.5,-3],[-7,-29],[-19.5,17.5]],"v":[[48.5,-107.5],[49.5,-58],[61,-39.5],[73.5,-82],[77.5,-153.5]],"c":true}]},{"i":{"x":0.833,"y":0.833},"o":{"x":0.167,"y":0.167},"t":61.398,"s":[{"i":[[2.806,-16.834],[-5.38,-9.864],[-11.454,5.727],[14.739,23.409],[27,28]],"o":[[-2,12],[3,5.5],[13,-6.5],[-8.5,-13.5],[2,26]],"v":[[51,-130.5],[57.5,-94],[80.5,-79],[74,-134],[41,-178.5]],"c":true}]},{"i":{"x":0.833,"y":0.833},"o":{"x":0.167,"y":0.167},"t":69.825,"s":[{"i":[[2.806,-16.834],[-5.38,-9.864],[-5.247,3.206],[14.739,23.409],[-1.25,23.75]],"o":[[-2,12],[3,5.5],[4.5,-2.75],[-8.5,-13.5],[-5.5,22.5]],"v":[[44.75,-159.75],[55,-131.25],[67,-119.75],[52,-149.25],[54.5,-200.5]],"c":true}]},{"t":78.251953125,"s":[{"i":[[-4.5,-14.5],[-5.38,-9.864],[0.5,0.25],[0,3.041],[15.5,16]],"o":[[3.606,11.619],[3,5.5],[0.25,0],[0,-4],[8.75,11.75]],"v":[[45.25,-180.75],[49.75,-160.5],[57.25,-142.25],[47.25,-167.75],[31.25,-207]],"c":true}]}],"ix":2},"nm":"Path 1","mn":"ADBE Vector Shape - Group","hd":false},{"ty":"fl","c":{"a":0,"k":[1,1,1,1],"ix":4},"o":{"a":0,"k":100,"ix":5},"r":1,"bm":0,"nm":"Fill 1","mn":"ADBE Vector Graphic - Fill","hd":false},{"ty":"tr","p":{"a":0,"k":[0,2],"ix":2},"a":{"a":0,"k":[0,0],"ix":1},"s":{"a":0,"k":[100,100],"ix":3},"r":{"a":0,"k":0,"ix":6},"o":{"a":1,"k":[{"i":{"x":[0.833],"y":[0.833]},"o":{"x":[0.167],"y":[0.167]},"t":69.825,"s":[100]},{"t":78.251953125,"s":[0]}],"ix":7},"sk":{"a":0,"k":0,"ix":4},"sa":{"a":0,"k":0,"ix":5},"nm":"Transform"}],"nm":"Shape 2","np":3,"cix":2,"bm":0,"ix":4,"mn":"ADBE Vector Group","hd":false}],"ip":0,"op":124,"st":0,"bm":0},{"ddd":0,"ind":4,"ty":4,"nm":"Ch Head","sr":1,"ks":{"o":{"a":0,"k":100,"ix":11},"r":{"a":0,"k":0,"ix":10},"p":{"a":0,"k":[705.368,665.729,0],"ix":2},"a":{"a":0,"k":[-353.776,54.159,0],"ix":1},"s":{"a":0,"k":[-90,90,100],"ix":6}},"ao":0,"shapes":[{"ty":"gr","it":[{"ty":"gr","it":[{"ind":0,"ty":"sh","ix":1,"ks":{"a":1,"k":[{"i":{"x":0.833,"y":1},"o":{"x":0.167,"y":0},"t":25,"s":[{"i":[[1.6,4.719],[-157.896,-642.704],[-22.818,113.501],[-194.665,462.44]],"o":[[-60.286,-177.87],[89.114,362.728],[32.063,-159.489],[45.833,-108.879]],"v":[[-457.846,-386.254],[-911.534,449.617],[-593.8,616.839],[-522.407,-160.194]],"c":true}]},{"i":{"x":0.833,"y":1},"o":{"x":0.167,"y":0},"t":74,"s":[{"i":[[1.6,4.719],[-42.976,-616.495],[-22.818,113.501],[-194.665,462.44]],"o":[[-60.286,-177.87],[25.975,372.611],[32.064,-159.488],[45.833,-108.879]],"v":[[-457.846,-386.254],[-1004.574,434.605],[-731.445,602.859],[-555.603,-148.269]],"c":true}]},{"t":100,"s":[{"i":[[1.6,4.719],[-157.896,-642.704],[-22.818,113.501],[-194.665,462.44]],"o":[[-60.286,-177.87],[89.114,362.728],[32.063,-159.489],[45.833,-108.879]],"v":[[-457.846,-386.254],[-911.534,449.617],[-593.8,616.839],[-522.407,-160.194]],"c":true}]}],"ix":2},"nm":"Hair Path","mn":"ADBE Vector Shape - Group","hd":false},{"ty":"fl","c":{"a":0,"k":[0.160784313725,0.149019607843,0.290196078431,1],"ix":4},"o":{"a":0,"k":100,"ix":5},"r":1,"bm":0,"nm":"Fill 1","mn":"ADBE Vector Graphic - Fill","hd":false},{"ty":"tr","p":{"a":0,"k":[-194.915,-404.249],"ix":2},"a":{"a":0,"k":[-194.915,-404.249],"ix":1},"s":{"a":0,"k":[100,100],"ix":3},"r":{"a":0,"k":0,"ix":6},"o":{"a":0,"k":100,"ix":7},"sk":{"a":0,"k":0,"ix":4},"sa":{"a":0,"k":0,"ix":5},"nm":"Transform"}],"nm":"Hair","np":3,"cix":2,"bm":0,"ix":1,"mn":"ADBE Vector Group","hd":false},{"ty":"gr","it":[{"ind":0,"ty":"sh","ix":1,"ks":{"a":0,"k":{"i":[[0,0],[0,0]],"o":[[0,0],[0,0]],"v":[[-506.478,-319.94],[-517.687,-216.64]],"c":false},"ix":2},"nm":"Face Path","mn":"ADBE Vector Shape - Group","hd":false},{"ty":"st","c":{"a":0,"k":[1,0.658823529412,0.454901990704,1],"ix":3},"o":{"a":0,"k":100,"ix":4},"w":{"a":0,"k":120,"ix":5},"lc":2,"lj":1,"ml":4,"bm":0,"nm":"Stroke 1","mn":"ADBE Vector Graphic - Stroke","hd":false},{"ty":"tr","p":{"a":0,"k":[0,-20],"ix":2},"a":{"a":0,"k":[0,0],"ix":1},"s":{"a":0,"k":[100,100],"ix":3},"r":{"a":0,"k":0,"ix":6},"o":{"a":0,"k":100,"ix":7},"sk":{"a":0,"k":0,"ix":4},"sa":{"a":0,"k":0,"ix":5},"nm":"Transform"}],"nm":"Face","np":3,"cix":2,"bm":0,"ix":2,"mn":"ADBE Vector Group","hd":false},{"ty":"tr","p":{"a":0,"k":[-685.959,-105.833],"ix":2},"a":{"a":0,"k":[-496.998,-202.781],"ix":1},"s":{"a":0,"k":[50.792,50.792],"ix":3},"r":{"a":0,"k":12.636,"ix":6},"o":{"a":0,"k":100,"ix":7},"sk":{"a":0,"k":0,"ix":4},"sa":{"a":0,"k":0,"ix":5},"nm":"Transform"}],"nm":"Head","np":2,"cix":2,"bm":0,"ix":1,"mn":"ADBE Vector Group","hd":false}],"ip":0,"op":124,"st":0,"bm":0},{"ddd":0,"ind":5,"ty":4,"nm":"Chair Front","sr":1,"ks":{"o":{"a":0,"k":100,"ix":11},"r":{"a":0,"k":0,"ix":10},"p":{"a":0,"k":[920,860.598,0],"ix":2},"a":{"a":0,"k":[200,180.598,0],"ix":1},"s":{"a":0,"k":[111,113.4,100],"ix":6}},"ao":0,"shapes":[{"ty":"gr","it":[{"ind":0,"ty":"sh","ix":1,"ks":{"a":0,"k":{"i":[[0,0],[45.045,0.882],[0,0],[-45.457,-0.89]],"o":[[0,0],[-45.045,-0.882],[0,0],[45.045,0.882]],"v":[[290.09,169.489],[200,196.826],[109.91,172.134],[200,202.998]],"c":true},"ix":2},"nm":"Path 1","mn":"ADBE Vector Shape - Group","hd":false},{"ty":"fl","c":{"a":0,"k":[0.898039275525,0.423529441684,0.176470588235,1],"ix":4},"o":{"a":0,"k":100,"ix":5},"r":1,"bm":0,"nm":"Fill 1","mn":"ADBE Vector Graphic - Fill","hd":false},{"ty":"tr","p":{"a":0,"k":[0,0],"ix":2},"a":{"a":0,"k":[0,0],"ix":1},"s":{"a":0,"k":[100,100],"ix":3},"r":{"a":0,"k":0,"ix":6},"o":{"a":0,"k":100,"ix":7},"sk":{"a":0,"k":0,"ix":4},"sa":{"a":0,"k":0,"ix":5},"nm":"Transform"}],"nm":"Shape 1","np":3,"cix":2,"bm":0,"ix":1,"mn":"ADBE Vector Group","hd":false},{"ty":"gr","it":[{"ind":0,"ty":"sh","ix":1,"ks":{"a":0,"k":{"i":[[0,-110.457],[0,0],[110.457,0],[0,110.457],[0,0],[-150,0]],"o":[[0,0],[0,110.457],[-110.457,0],[0,0],[0,-110.457],[150,0]],"v":[[200,50],[200,50],[0,250],[-200,50],[-200,50],[0,100]],"c":true},"ix":2},"nm":"Path 1","mn":"ADBE Vector Shape - Group","hd":false},{"ty":"fl","c":{"a":0,"k":[1,0.470588265213,0.196078446332,1],"ix":4},"o":{"a":0,"k":100,"ix":5},"r":1,"bm":0,"nm":"Fill 1","mn":"ADBE Vector Graphic - Fill","hd":false},{"ty":"tr","p":{"a":0,"k":[200,50],"ix":2},"a":{"a":0,"k":[0,0],"ix":1},"s":{"a":0,"k":[100,100],"ix":3},"r":{"a":0,"k":0,"ix":6},"o":{"a":0,"k":100,"ix":7},"sk":{"a":0,"k":0,"ix":4},"sa":{"a":0,"k":0,"ix":5},"nm":"Transform"}],"nm":"Rectangle 2","np":3,"cix":2,"bm":0,"ix":2,"mn":"ADBE Vector Group","hd":false}],"ip":0,"op":124,"st":0,"bm":0},{"ddd":0,"ind":6,"ty":4,"nm":"Ch Body","sr":1,"ks":{"o":{"a":0,"k":100,"ix":11},"r":{"a":0,"k":0,"ix":10},"p":{"a":0,"k":[705.368,665.729,0],"ix":2},"a":{"a":0,"k":[-353.776,54.159,0],"ix":1},"s":{"a":0,"k":[-90,90,100],"ix":6}},"ao":0,"shapes":[{"ty":"gr","it":[{"ind":0,"ty":"sh","ix":1,"ks":{"a":0,"k":{"i":[[0,0],[-0.167,-1.066],[-0.474,0.914]],"o":[[0,0],[0.262,0.312],[-1.002,1.11]],"v":[[-424.374,0.746],[-323.004,124.499],[-174.19,32.513]],"c":false},"ix":2},"nm":"R Hand Path","mn":"ADBE Vector Shape - Group","hd":false},{"ty":"st","c":{"a":0,"k":[0.898039281368,0.819607913494,0.243137270212,1],"ix":3},"o":{"a":0,"k":100,"ix":4},"w":{"a":0,"k":100,"ix":5},"lc":1,"lj":1,"ml":4,"bm":0,"d":[{"n":"d","nm":"dash","v":{"a":0,"k":183,"ix":1}},{"n":"g","nm":"gap","v":{"a":0,"k":212,"ix":2}},{"n":"o","nm":"offset","v":{"a":0,"k":-84,"ix":7}}],"nm":"Stroke 1","mn":"ADBE Vector Graphic - Stroke","hd":false},{"ty":"st","c":{"a":0,"k":[0.898039281368,0.819607913494,0.243137270212,1],"ix":3},"o":{"a":0,"k":100,"ix":4},"w":{"a":0,"k":100,"ix":5},"lc":2,"lj":1,"ml":4,"bm":0,"d":[{"n":"d","nm":"dash","v":{"a":0,"k":131,"ix":1}},{"n":"g","nm":"gap","v":{"a":0,"k":348,"ix":2}},{"n":"o","nm":"offset","v":{"a":0,"k":0,"ix":7}}],"nm":"Cloth Shoulder To Elbow","mn":"ADBE Vector Graphic - Stroke","hd":false},{"ty":"st","c":{"a":0,"k":[1,0.658823549747,0.454901993275,1],"ix":3},"o":{"a":0,"k":100,"ix":4},"w":{"a":0,"k":50,"ix":5},"lc":2,"lj":1,"ml":4,"bm":0,"nm":"Stroke 2","mn":"ADBE Vector Graphic - Stroke","hd":false},{"ty":"tr","p":{"a":0,"k":[-280,0],"ix":2},"a":{"a":0,"k":[0,0],"ix":1},"s":{"a":0,"k":[100,100],"ix":3},"r":{"a":0,"k":0,"ix":6},"o":{"a":0,"k":100,"ix":7},"sk":{"a":0,"k":0,"ix":4},"sa":{"a":0,"k":0,"ix":5},"nm":"Transform"}],"nm":"R Hand","np":5,"cix":2,"bm":0,"ix":2,"mn":"ADBE Vector Group","hd":false},{"ty":"gr","it":[{"ind":0,"ty":"sh","ix":1,"ks":{"a":0,"k":{"i":[[0,0],[0,0]],"o":[[0,0],[0,0]],"v":[[-696.173,48.623],[-653.656,232.843]],"c":false},"ix":2},"nm":"Body Path","mn":"ADBE Vector Shape - Group","hd":false},{"ty":"st","c":{"a":0,"k":[1,0.909803981407,0.270588235294,1],"ix":3},"o":{"a":0,"k":100,"ix":4},"w":{"a":0,"k":280,"ix":5},"lc":2,"lj":1,"ml":4,"bm":0,"d":[{"n":"d","nm":"dash","v":{"a":0,"k":125,"ix":1}},{"n":"g","nm":"gap","v":{"a":0,"k":156,"ix":2}},{"n":"o","nm":"offset","v":{"a":0,"k":0,"ix":7}}],"nm":"Stroke 1","mn":"ADBE Vector Graphic - Stroke","hd":false},{"ty":"st","c":{"a":0,"k":[0.40784317255,0.258823543787,0.729411780834,1],"ix":3},"o":{"a":0,"k":100,"ix":4},"w":{"a":0,"k":280,"ix":5},"lc":2,"lj":1,"ml":4,"bm":0,"d":[{"n":"d","nm":"dash","v":{"a":0,"k":68,"ix":1}},{"n":"o","nm":"offset","v":{"a":0,"k":0,"ix":7}}],"nm":"Stroke 2","mn":"ADBE Vector Graphic - Stroke","hd":false},{"ty":"tr","p":{"a":0,"k":[0,0],"ix":2},"a":{"a":0,"k":[0,0],"ix":1},"s":{"a":0,"k":[100,100],"ix":3},"r":{"a":0,"k":0,"ix":6},"o":{"a":0,"k":100,"ix":7},"sk":{"a":0,"k":0,"ix":4},"sa":{"a":0,"k":0,"ix":5},"nm":"Transform"}],"nm":"Body","np":4,"cix":2,"bm":0,"ix":3,"mn":"ADBE Vector Group","hd":false},{"ty":"gr","it":[{"ty":"gr","it":[{"d":1,"ty":"el","s":{"a":0,"k":[25,9.444],"ix":2},"p":{"a":0,"k":[0,0],"ix":3},"nm":"Ellipse Path 1","mn":"ADBE Vector Shape - Ellipse","hd":false},{"ty":"fl","c":{"a":0,"k":[1,0.470588265213,0.196078446332,1],"ix":4},"o":{"a":0,"k":100,"ix":5},"r":1,"bm":0,"nm":"Fill 1","mn":"ADBE Vector Graphic - Fill","hd":false},{"ty":"tr","p":{"a":0,"k":[-86.978,178.627],"ix":2},"a":{"a":0,"k":[0,0],"ix":1},"s":{"a":0,"k":[100,100],"ix":3},"r":{"a":0,"k":0,"ix":6},"o":{"a":0,"k":100,"ix":7},"sk":{"a":0,"k":0,"ix":4},"sa":{"a":0,"k":0,"ix":5},"nm":"Transform"}],"nm":"Ellipse 1","np":3,"cix":2,"bm":0,"ix":1,"mn":"ADBE Vector Group","hd":false},{"ty":"gr","it":[{"ind":0,"ty":"sh","ix":1,"ks":{"a":0,"k":{"i":[[-16.111,37.5],[3.03,-8.108],[18.746,-23.982],[-6.667,5.556]],"o":[[2.261,-5.262],[-9.102,24.352],[-6.74,8.622],[17.597,-14.664]],"v":[[-38.922,198.905],[-55.098,181.498],[-137.946,285.109],[-122.811,298.35]],"c":true},"ix":2},"nm":"Path 1","mn":"ADBE Vector Shape - Group","hd":false},{"ty":"fl","c":{"a":0,"k":[0.219607858097,0.20000001496,0.392156892664,1],"ix":4},"o":{"a":0,"k":100,"ix":5},"r":1,"bm":0,"nm":"Fill 1","mn":"ADBE Vector Graphic - Fill","hd":false},{"ty":"tr","p":{"a":0,"k":[0,0],"ix":2},"a":{"a":0,"k":[0,0],"ix":1},"s":{"a":0,"k":[100,100],"ix":3},"r":{"a":0,"k":0,"ix":6},"o":{"a":0,"k":100,"ix":7},"sk":{"a":0,"k":0,"ix":4},"sa":{"a":0,"k":0,"ix":5},"nm":"Transform"}],"nm":"Bottom","np":3,"cix":2,"bm":0,"ix":2,"mn":"ADBE Vector Group","hd":false},{"ty":"gr","it":[{"ind":0,"ty":"sh","ix":1,"ks":{"a":0,"k":{"i":[[19.722,-18.056],[0,0],[-6.389,12.778]],"o":[[-35.903,32.869],[0,0],[-5.556,-13.611]],"v":[[-108.922,177.239],[-92.811,240.85],[-45.589,185.85]],"c":true},"ix":2},"nm":"Path 1","mn":"ADBE Vector Shape - Group","hd":false},{"ty":"fl","c":{"a":0,"k":[0.160784313725,0.149019607843,0.290196078431,1],"ix":4},"o":{"a":0,"k":100,"ix":5},"r":1,"bm":0,"nm":"Fill 1","mn":"ADBE Vector Graphic - Fill","hd":false},{"ty":"tr","p":{"a":0,"k":[0,0],"ix":2},"a":{"a":0,"k":[0,0],"ix":1},"s":{"a":0,"k":[100,100],"ix":3},"r":{"a":0,"k":0,"ix":6},"o":{"a":0,"k":100,"ix":7},"sk":{"a":0,"k":0,"ix":4},"sa":{"a":0,"k":0,"ix":5},"nm":"Transform"}],"nm":"Top","np":3,"cix":2,"bm":0,"ix":3,"mn":"ADBE Vector Group","hd":false},{"ty":"tr","p":{"a":1,"k":[{"i":{"x":0,"y":1},"o":{"x":0.05,"y":0},"t":25,"s":[-89.164,234.169],"to":[-12.037,17.704],"ti":[12.037,-17.704]},{"i":{"x":0,"y":0},"o":{"x":0.05,"y":0.05},"t":34,"s":[-161.386,340.391],"to":[0,0],"ti":[0,0]},{"i":{"x":0,"y":1},"o":{"x":0.05,"y":0},"t":75,"s":[-161.386,340.391],"to":[12.037,-17.704],"ti":[-12.037,17.704]},{"t":84,"s":[-89.164,234.169]}],"ix":2},"a":{"a":0,"k":[-89.164,234.169],"ix":1},"s":{"a":0,"k":[100,100],"ix":3},"r":{"a":1,"k":[{"i":{"x":[0],"y":[1]},"o":{"x":[0.05],"y":[0]},"t":25,"s":[0]},{"i":{"x":[0],"y":[1]},"o":{"x":[0.05],"y":[0]},"t":34,"s":[44]},{"i":{"x":[0],"y":[1]},"o":{"x":[0.05],"y":[0]},"t":75,"s":[44]},{"t":84,"s":[0]}],"ix":6},"o":{"a":0,"k":100,"ix":7},"sk":{"a":0,"k":0,"ix":4},"sa":{"a":0,"k":0,"ix":5},"nm":"Transform"}],"nm":"L Shoe","np":3,"cix":2,"bm":0,"ix":4,"mn":"ADBE Vector Group","hd":false},{"ty":"gr","it":[{"ind":0,"ty":"sh","ix":1,"ks":{"a":1,"k":[{"i":{"x":0,"y":1},"o":{"x":0.05,"y":0},"t":25,"s":[{"i":[[0,0],[1.162,-1.122],[-0.529,0.508],[0,0]],"o":[[0,0],[-1.162,1.122],[0.529,-0.509],[0,0]],"v":[[-579.904,141.847],[-352.832,-9.117],[-128.458,178.641],[-93.136,142.826]],"c":false}]},{"i":{"x":0,"y":1},"o":{"x":0.05,"y":0},"t":34,"s":[{"i":[[0,0],[1.162,-1.122],[-0.529,0.508],[0,0]],"o":[[0,0],[-1.162,1.122],[0.529,-0.509],[0,0]],"v":[[-579.904,141.847],[-352.832,-9.117],[-204.013,254.197],[-153.136,253.938]],"c":false}]},{"i":{"x":0,"y":1},"o":{"x":0.05,"y":0},"t":75,"s":[{"i":[[0,0],[1.162,-1.122],[-0.529,0.508],[0,0]],"o":[[0,0],[-1.162,1.122],[0.529,-0.509],[0,0]],"v":[[-579.904,141.847],[-352.832,-9.117],[-204.013,254.197],[-153.136,253.938]],"c":false}]},{"t":84,"s":[{"i":[[0,0],[1.162,-1.122],[-0.529,0.508],[0,0]],"o":[[0,0],[-1.162,1.122],[0.529,-0.509],[0,0]],"v":[[-579.904,141.847],[-352.832,-9.117],[-128.458,178.641],[-93.136,142.826]],"c":false}]}],"ix":2},"nm":"R Leg Path","mn":"ADBE Vector Shape - Group","hd":false},{"ty":"st","c":{"a":0,"k":[0.40784317255,0.258823543787,0.729411780834,1],"ix":3},"o":{"a":0,"k":100,"ix":4},"w":{"a":0,"k":140,"ix":5},"lc":1,"lj":1,"ml":4,"bm":0,"d":[{"n":"d","nm":"dash","v":{"a":0,"k":479,"ix":1}},{"n":"g","nm":"gap","v":{"a":0,"k":400,"ix":2}},{"n":"o","nm":"offset","v":{"a":0,"k":0,"ix":7}}],"nm":"Cloth","mn":"ADBE Vector Graphic - Stroke","hd":false},{"ty":"st","c":{"a":0,"k":[1,0.909803986549,0.270588248968,1],"ix":3},"o":{"a":0,"k":100,"ix":4},"w":{"a":0,"k":50,"ix":5},"lc":1,"lj":2,"bm":0,"d":[{"n":"d","nm":"dash","v":{"a":0,"k":53,"ix":1}},{"n":"g","nm":"gap","v":{"a":0,"k":320,"ix":2}},{"n":"o","nm":"offset","v":{"a":0,"k":8,"ix":7}}],"nm":"Shocks","mn":"ADBE Vector Graphic - Stroke","hd":false},{"ty":"st","c":{"a":0,"k":[1,0.658823549747,0.454901993275,1],"ix":3},"o":{"a":0,"k":100,"ix":4},"w":{"a":0,"k":65,"ix":5},"lc":2,"lj":2,"bm":0,"nm":"Skin Tone","mn":"ADBE Vector Graphic - Stroke","hd":false},{"ty":"tr","p":{"a":0,"k":[0,72],"ix":2},"a":{"a":0,"k":[0,0],"ix":1},"s":{"a":0,"k":[100,100],"ix":3},"r":{"a":0,"k":0,"ix":6},"o":{"a":0,"k":100,"ix":7},"sk":{"a":0,"k":0,"ix":4},"sa":{"a":0,"k":0,"ix":5},"nm":"Transform"}],"nm":"L Leg","np":7,"cix":2,"bm":0,"ix":5,"mn":"ADBE Vector Group","hd":false},{"ty":"gr","it":[{"ty":"gr","it":[{"d":1,"ty":"el","s":{"a":0,"k":[25,9.444],"ix":2},"p":{"a":0,"k":[0,0],"ix":3},"nm":"Ellipse Path 1","mn":"ADBE Vector Shape - Ellipse","hd":false},{"ty":"fl","c":{"a":0,"k":[1,0.470588265213,0.196078446332,1],"ix":4},"o":{"a":0,"k":100,"ix":5},"r":1,"bm":0,"nm":"Fill 1","mn":"ADBE Vector Graphic - Fill","hd":false},{"ty":"tr","p":{"a":0,"k":[-86.978,178.627],"ix":2},"a":{"a":0,"k":[0,0],"ix":1},"s":{"a":0,"k":[100,100],"ix":3},"r":{"a":0,"k":0,"ix":6},"o":{"a":0,"k":100,"ix":7},"sk":{"a":0,"k":0,"ix":4},"sa":{"a":0,"k":0,"ix":5},"nm":"Transform"}],"nm":"Ellipse 1","np":3,"cix":2,"bm":0,"ix":1,"mn":"ADBE Vector Group","hd":false},{"ty":"gr","it":[{"ind":0,"ty":"sh","ix":1,"ks":{"a":0,"k":{"i":[[-16.111,37.5],[3.03,-8.108],[18.746,-23.982],[-6.667,5.556]],"o":[[2.261,-5.262],[-9.102,24.352],[-6.74,8.622],[17.597,-14.664]],"v":[[-38.922,198.905],[-55.098,181.498],[-137.946,285.109],[-122.811,298.35]],"c":true},"ix":2},"nm":"Path 1","mn":"ADBE Vector Shape - Group","hd":false},{"ty":"fl","c":{"a":0,"k":[0.219607858097,0.20000001496,0.392156892664,1],"ix":4},"o":{"a":0,"k":100,"ix":5},"r":1,"bm":0,"nm":"Fill 1","mn":"ADBE Vector Graphic - Fill","hd":false},{"ty":"tr","p":{"a":0,"k":[0,0],"ix":2},"a":{"a":0,"k":[0,0],"ix":1},"s":{"a":0,"k":[100,100],"ix":3},"r":{"a":0,"k":0,"ix":6},"o":{"a":0,"k":100,"ix":7},"sk":{"a":0,"k":0,"ix":4},"sa":{"a":0,"k":0,"ix":5},"nm":"Transform"}],"nm":"Bottom","np":3,"cix":2,"bm":0,"ix":2,"mn":"ADBE Vector Group","hd":false},{"ty":"gr","it":[{"ind":0,"ty":"sh","ix":1,"ks":{"a":0,"k":{"i":[[19.722,-18.056],[0,0],[-6.389,12.778]],"o":[[-35.903,32.869],[0,0],[-5.556,-13.611]],"v":[[-108.922,177.239],[-92.811,240.85],[-45.589,185.85]],"c":true},"ix":2},"nm":"Path 1","mn":"ADBE Vector Shape - Group","hd":false},{"ty":"fl","c":{"a":0,"k":[0.160784313725,0.149019607843,0.290196078431,1],"ix":4},"o":{"a":0,"k":100,"ix":5},"r":1,"bm":0,"nm":"Fill 1","mn":"ADBE Vector Graphic - Fill","hd":false},{"ty":"tr","p":{"a":0,"k":[0,0],"ix":2},"a":{"a":0,"k":[0,0],"ix":1},"s":{"a":0,"k":[100,100],"ix":3},"r":{"a":0,"k":0,"ix":6},"o":{"a":0,"k":100,"ix":7},"sk":{"a":0,"k":0,"ix":4},"sa":{"a":0,"k":0,"ix":5},"nm":"Transform"}],"nm":"Top","np":3,"cix":2,"bm":0,"ix":3,"mn":"ADBE Vector Group","hd":false},{"ty":"tr","p":{"a":1,"k":[{"i":{"x":0,"y":1},"o":{"x":0.05,"y":0},"t":25,"s":[-244.164,376.946],"to":[-10.167,0],"ti":[10.167,0]},{"i":{"x":0,"y":0},"o":{"x":0.05,"y":0.05},"t":34,"s":[-305.164,376.946],"to":[0,0],"ti":[0,0]},{"i":{"x":0,"y":1},"o":{"x":0.05,"y":0},"t":75,"s":[-305.164,376.946],"to":[10.167,0],"ti":[-10.167,0]},{"t":84,"s":[-244.164,376.946]}],"ix":2},"a":{"a":0,"k":[-89.164,234.169],"ix":1},"s":{"a":0,"k":[100,100],"ix":3},"r":{"a":0,"k":46.01,"ix":6},"o":{"a":0,"k":100,"ix":7},"sk":{"a":0,"k":0,"ix":4},"sa":{"a":0,"k":0,"ix":5},"nm":"Transform"}],"nm":"R Shoe","np":3,"cix":2,"bm":0,"ix":6,"mn":"ADBE Vector Group","hd":false},{"ty":"gr","it":[{"ind":0,"ty":"sh","ix":1,"ks":{"a":1,"k":[{"i":{"x":0,"y":1},"o":{"x":0.05,"y":0},"t":25,"s":[{"i":[[0,0],[-0.036,2.157],[0.829,2.964],[0,0]],"o":[[0,0],[0.094,-5.597],[0.942,-0.545],[0,0]],"v":[[-544.112,195.571],[-359.589,-46.834],[-283.86,292.351],[-216.599,290.253]],"c":false}]},{"i":{"x":0,"y":1},"o":{"x":0.05,"y":0},"t":34,"s":[{"i":[[0,0],[-0.036,2.157],[0.829,2.964],[0,0]],"o":[[0,0],[0.094,-5.597],[0.942,-0.545],[0,0]],"v":[[-544.112,195.571],[-359.589,-46.834],[-346.082,292.351],[-278.822,290.253]],"c":false}]},{"i":{"x":0,"y":1},"o":{"x":0.05,"y":0},"t":75,"s":[{"i":[[0,0],[-0.036,2.157],[0.829,2.964],[0,0]],"o":[[0,0],[0.094,-5.597],[0.942,-0.545],[0,0]],"v":[[-544.112,195.571],[-359.589,-46.834],[-346.082,292.351],[-278.822,290.253]],"c":false}]},{"t":84,"s":[{"i":[[0,0],[-0.036,2.157],[0.829,2.964],[0,0]],"o":[[0,0],[0.094,-5.597],[0.942,-0.545],[0,0]],"v":[[-544.112,195.571],[-359.589,-46.834],[-283.86,292.351],[-216.599,290.253]],"c":false}]}],"ix":2},"nm":"R Leg Path","mn":"ADBE Vector Shape - Group","hd":false},{"ty":"st","c":{"a":0,"k":[0.352941185236,0.223529428244,0.631372570992,1],"ix":3},"o":{"a":0,"k":100,"ix":4},"w":{"a":0,"k":140,"ix":5},"lc":1,"lj":1,"ml":4,"bm":0,"d":[{"n":"d","nm":"dash","v":{"a":0,"k":568,"ix":1}},{"n":"g","nm":"gap","v":{"a":0,"k":400,"ix":2}},{"n":"o","nm":"offset","v":{"a":0,"k":0,"ix":7}}],"nm":"Cloth","mn":"ADBE Vector Graphic - Stroke","hd":false},{"ty":"st","c":{"a":0,"k":[1,0.658823549747,0.454901993275,1],"ix":3},"o":{"a":0,"k":100,"ix":4},"w":{"a":0,"k":65,"ix":5},"lc":2,"lj":2,"bm":0,"nm":"Skin Tone","mn":"ADBE Vector Graphic - Stroke","hd":false},{"ty":"tr","p":{"a":0,"k":[0,72],"ix":2},"a":{"a":0,"k":[0,0],"ix":1},"s":{"a":0,"k":[100,100],"ix":3},"r":{"a":0,"k":0,"ix":6},"o":{"a":0,"k":100,"ix":7},"sk":{"a":0,"k":0,"ix":4},"sa":{"a":0,"k":0,"ix":5},"nm":"Transform"}],"nm":"R Leg","np":7,"cix":2,"bm":0,"ix":7,"mn":"ADBE Vector Group","hd":false},{"ty":"gr","it":[{"ind":0,"ty":"sh","ix":1,"ks":{"a":0,"k":{"i":[[0,0],[-0.375,-1.105],[-0.023,-1.94]],"o":[[0,0],[1.006,2.963],[0.046,-1.049]],"v":[[-709.93,-36.466],[-605.688,41.568],[-472.542,-72.173]],"c":false},"ix":2},"nm":"L Hand Path","mn":"ADBE Vector Shape - Group","hd":false},{"ty":"st","c":{"a":0,"k":[0.898039281368,0.819607913494,0.243137270212,1],"ix":3},"o":{"a":0,"k":100,"ix":4},"w":{"a":0,"k":100,"ix":5},"lc":1,"lj":1,"ml":4,"bm":0,"d":[{"n":"d","nm":"dash","v":{"a":0,"k":245,"ix":1}},{"n":"g","nm":"gap","v":{"a":0,"k":77,"ix":2}},{"n":"o","nm":"offset","v":{"a":0,"k":0,"ix":7}}],"nm":"Stroke 1","mn":"ADBE Vector Graphic - Stroke","hd":false},{"ty":"st","c":{"a":0,"k":[1,0.909803986549,0.270588248968,1],"ix":3},"o":{"a":0,"k":100,"ix":4},"w":{"a":0,"k":100,"ix":5},"lc":2,"lj":2,"bm":0,"d":[{"n":"d","nm":"dash","v":{"a":0,"k":226,"ix":1}},{"n":"g","nm":"gap","v":{"a":0,"k":273,"ix":2}},{"n":"o","nm":"offset","v":{"a":0,"k":33,"ix":7}}],"nm":"Stroke 3","mn":"ADBE Vector Graphic - Stroke","hd":false},{"ty":"st","c":{"a":0,"k":[1,0.658823549747,0.454901993275,1],"ix":3},"o":{"a":0,"k":100,"ix":4},"w":{"a":0,"k":50,"ix":5},"lc":2,"lj":2,"bm":0,"nm":"Stroke 2","mn":"ADBE Vector Graphic - Stroke","hd":false},{"ty":"tr","p":{"a":0,"k":[0,0],"ix":2},"a":{"a":0,"k":[0,0],"ix":1},"s":{"a":0,"k":[100,100],"ix":3},"r":{"a":0,"k":0,"ix":6},"o":{"a":0,"k":100,"ix":7},"sk":{"a":0,"k":0,"ix":4},"sa":{"a":0,"k":0,"ix":5},"nm":"Transform"}],"nm":"L Hand","np":5,"cix":2,"bm":0,"ix":8,"mn":"ADBE Vector Group","hd":false}],"ip":0,"op":124,"st":0,"bm":0},{"ddd":0,"ind":7,"ty":4,"nm":"Chair Back","sr":1,"ks":{"o":{"a":0,"k":100,"ix":11},"r":{"a":0,"k":0,"ix":10},"p":{"a":0,"k":[920,730,0],"ix":2},"a":{"a":0,"k":[200,50,0],"ix":1},"s":{"a":0,"k":[100,100,100],"ix":6}},"ao":0,"shapes":[{"ty":"gr","it":[{"ty":"rc","d":1,"s":{"a":0,"k":[400,500],"ix":2},"p":{"a":0,"k":[0,0],"ix":3},"r":{"a":0,"k":229,"ix":4},"nm":"Rectangle Path 1","mn":"ADBE Vector Shape - Rect","hd":false},{"ty":"fl","c":{"a":0,"k":[0.898039275525,0.423529441684,0.176470588235,1],"ix":4},"o":{"a":0,"k":100,"ix":5},"r":1,"bm":0,"nm":"Fill 1","mn":"ADBE Vector Graphic - Fill","hd":false},{"ty":"tr","p":{"a":0,"k":[200,50],"ix":2},"a":{"a":0,"k":[0,0],"ix":1},"s":{"a":0,"k":[100,100],"ix":3},"r":{"a":0,"k":0,"ix":6},"o":{"a":0,"k":100,"ix":7},"sk":{"a":0,"k":0,"ix":4},"sa":{"a":0,"k":0,"ix":5},"nm":"Transform"}],"nm":"Rectangle 1","np":3,"cix":2,"bm":0,"ix":1,"mn":"ADBE Vector Group","hd":false}],"ip":0,"op":124,"st":0,"bm":0},{"ddd":0,"ind":8,"ty":4,"nm":"Chair Stand","sr":1,"ks":{"o":{"a":0,"k":100,"ix":11},"r":{"a":0,"k":0,"ix":10},"p":{"a":0,"k":[833,1030,0],"ix":2},"a":{"a":0,"k":[113,350,0],"ix":1},"s":{"a":0,"k":[100,100,100],"ix":6}},"ao":0,"shapes":[{"ty":"gr","it":[{"ty":"rc","d":1,"s":{"a":0,"k":[45,100],"ix":2},"p":{"a":0,"k":[0,0],"ix":3},"r":{"a":0,"k":20,"ix":4},"nm":"Rectangle Path 1","mn":"ADBE Vector Shape - Rect","hd":false},{"ty":"fl","c":{"a":0,"k":[0.898039275525,0.423529441684,0.176470588235,1],"ix":4},"o":{"a":0,"k":100,"ix":5},"r":1,"bm":0,"nm":"Fill 1","mn":"ADBE Vector Graphic - Fill","hd":false},{"ty":"tr","p":{"a":0,"k":[314,299],"ix":2},"a":{"a":0,"k":[0,0],"ix":1},"s":{"a":0,"k":[100,100],"ix":3},"r":{"a":0,"k":-15,"ix":6},"o":{"a":0,"k":100,"ix":7},"sk":{"a":0,"k":0,"ix":4},"sa":{"a":0,"k":0,"ix":5},"nm":"Transform"}],"nm":"Rectangle 2","np":3,"cix":2,"bm":0,"ix":1,"mn":"ADBE Vector Group","hd":false},{"ty":"gr","it":[{"ty":"rc","d":1,"s":{"a":0,"k":[45,100],"ix":2},"p":{"a":0,"k":[0,0],"ix":3},"r":{"a":0,"k":20,"ix":4},"nm":"Rectangle Path 1","mn":"ADBE Vector Shape - Rect","hd":false},{"ty":"fl","c":{"a":0,"k":[0.898039275525,0.423529441684,0.176470588235,1],"ix":4},"o":{"a":0,"k":100,"ix":5},"r":1,"bm":0,"nm":"Fill 1","mn":"ADBE Vector Graphic - Fill","hd":false},{"ty":"tr","p":{"a":0,"k":[86,300],"ix":2},"a":{"a":0,"k":[0,0],"ix":1},"s":{"a":0,"k":[100,100],"ix":3},"r":{"a":0,"k":15,"ix":6},"o":{"a":0,"k":100,"ix":7},"sk":{"a":0,"k":0,"ix":4},"sa":{"a":0,"k":0,"ix":5},"nm":"Transform"}],"nm":"Rectangle 1","np":3,"cix":2,"bm":0,"ix":2,"mn":"ADBE Vector Group","hd":false}],"ip":0,"op":124,"st":0,"bm":0},{"ddd":0,"ind":9,"ty":4,"nm":"Shape Layer 1","sr":1,"ks":{"o":{"a":0,"k":100,"ix":11},"r":{"a":0,"k":0,"ix":10},"p":{"a":0,"k":[832,568,0],"ix":2},"a":{"a":0,"k":[32,-36,0],"ix":1},"s":{"a":1,"k":[{"i":{"x":[0,0,0],"y":[1,1,1]},"o":{"x":[0.05,0.05,0.05],"y":[0,0,0]},"t":0,"s":[0,0,100]},{"i":{"x":[0,0,0],"y":[1,1,1]},"o":{"x":[0.05,0.05,0.05],"y":[0,0,0]},"t":25,"s":[100,100,100]},{"i":{"x":[0,0,0],"y":[1,1,1]},"o":{"x":[0.05,0.05,0.05],"y":[0,0,0]},"t":75,"s":[100,100,100]},{"t":100,"s":[0,0,100]}],"ix":6}},"ao":0,"shapes":[{"ty":"gr","it":[{"d":1,"ty":"el","s":{"a":0,"k":[54,60],"ix":2},"p":{"a":0,"k":[0,0],"ix":3},"nm":"Ellipse Path 1","mn":"ADBE Vector Shape - Ellipse","hd":false},{"ty":"fl","c":{"a":0,"k":[0.898039275525,0.423529441684,0.176470588235,1],"ix":4},"o":{"a":0,"k":100,"ix":5},"r":1,"bm":0,"nm":"Fill 1","mn":"ADBE Vector Graphic - Fill","hd":false},{"ty":"tr","p":{"a":0,"k":[-291,-250],"ix":2},"a":{"a":0,"k":[0,0],"ix":1},"s":{"a":0,"k":[100,100],"ix":3},"r":{"a":0,"k":0,"ix":6},"o":{"a":0,"k":100,"ix":7},"sk":{"a":0,"k":0,"ix":4},"sa":{"a":0,"k":0,"ix":5},"nm":"Transform"}],"nm":"Ellipse 1","np":3,"cix":2,"bm":0,"ix":1,"mn":"ADBE Vector Group","hd":false},{"ty":"gr","it":[{"ind":0,"ty":"sh","ix":1,"ks":{"a":0,"k":{"i":[[2,-2],[0,0],[0,0],[0,0],[0,0]],"o":[[-2,2],[0,0],[0,0],[0,0],[0,0]],"v":[[-356,-226],[-466,28],[-188,-104],[-242,-206],[-288,-120]],"c":true},"ix":2},"nm":"Path 1","mn":"ADBE Vector Shape - Group","hd":false},{"ty":"fl","c":{"a":0,"k":[0.898039275525,0.423529441684,0.176470588235,1],"ix":4},"o":{"a":0,"k":100,"ix":5},"r":1,"bm":0,"nm":"Fill 1","mn":"ADBE Vector Graphic - Fill","hd":false},{"ty":"tr","p":{"a":0,"k":[0,0],"ix":2},"a":{"a":0,"k":[0,0],"ix":1},"s":{"a":0,"k":[100,100],"ix":3},"r":{"a":0,"k":0,"ix":6},"o":{"a":0,"k":100,"ix":7},"sk":{"a":0,"k":0,"ix":4},"sa":{"a":0,"k":0,"ix":5},"nm":"Transform"}],"nm":"Shape 3","np":3,"cix":2,"bm":0,"ix":2,"mn":"ADBE Vector Group","hd":false},{"ty":"gr","it":[{"ind":0,"ty":"sh","ix":1,"ks":{"a":0,"k":{"i":[[0,0],[0,0],[0,0],[0,0]],"o":[[0,0],[0,0],[0,0],[0,0]],"v":[[-157,-374],[-474,-286],[-491,67],[-179,-92]],"c":true},"ix":2},"nm":"Path 1","mn":"ADBE Vector Shape - Group","hd":false},{"ty":"fl","c":{"a":0,"k":[0.352941176471,0.752941236309,1,1],"ix":4},"o":{"a":0,"k":100,"ix":5},"r":1,"bm":0,"nm":"Fill 1","mn":"ADBE Vector Graphic - Fill","hd":false},{"ty":"tr","p":{"a":0,"k":[0,0],"ix":2},"a":{"a":0,"k":[0,0],"ix":1},"s":{"a":0,"k":[100,100],"ix":3},"r":{"a":0,"k":0,"ix":6},"o":{"a":0,"k":100,"ix":7},"sk":{"a":0,"k":0,"ix":4},"sa":{"a":0,"k":0,"ix":5},"nm":"Transform"}],"nm":"Shape 2","np":3,"cix":2,"bm":0,"ix":3,"mn":"ADBE Vector Group","hd":false},{"ty":"gr","it":[{"ind":0,"ty":"sh","ix":1,"ks":{"a":0,"k":{"i":[[0,0],[0,0],[0,0],[0,0]],"o":[[0,0],[0,0],[0,0],[0,0]],"v":[[-148,-384],[-484,-292],[-500,80],[-172,-88]],"c":true},"ix":2},"nm":"Path 1","mn":"ADBE Vector Shape - Group","hd":false},{"ty":"fl","c":{"a":0,"k":[0.796078491211,0.796078491211,0.796078491211,1],"ix":4},"o":{"a":0,"k":100,"ix":5},"r":1,"bm":0,"nm":"Fill 1","mn":"ADBE Vector Graphic - Fill","hd":false},{"ty":"tr","p":{"a":0,"k":[0,0],"ix":2},"a":{"a":0,"k":[0,0],"ix":1},"s":{"a":0,"k":[100,100],"ix":3},"r":{"a":0,"k":0,"ix":6},"o":{"a":0,"k":100,"ix":7},"sk":{"a":0,"k":0,"ix":4},"sa":{"a":0,"k":0,"ix":5},"nm":"Transform"}],"nm":"Shape 1","np":3,"cix":2,"bm":0,"ix":4,"mn":"ADBE Vector Group","hd":false}],"ip":0,"op":124,"st":0,"bm":0}]}],"layers":[{"ddd":0,"ind":1,"ty":0,"nm":"Female Reading","refId":"comp_0","sr":1,"ks":{"o":{"a":0,"k":100,"ix":11},"r":{"a":0,"k":0,"ix":10},"p":{"a":0,"k":[600,600,0],"ix":2},"a":{"a":0,"k":[800,600,0],"ix":1},"s":{"a":0,"k":[-100,100,100],"ix":6}},"ao":0,"w":1600,"h":1200,"ip":0,"op":124,"st":0,"bm":0},{"ddd":0,"ind":2,"ty":4,"nm":"Shadow","sr":1,"ks":{"o":{"a":0,"k":25,"ix":11},"r":{"a":0,"k":0,"ix":10},"p":{"a":0,"k":[810,680,0],"ix":2},"a":{"a":0,"k":[0,0,0],"ix":1},"s":{"a":0,"k":[100,100,100],"ix":6}},"ao":0,"shapes":[{"ty":"gr","it":[{"d":1,"ty":"el","s":{"a":0,"k":[1268,36],"ix":2},"p":{"a":0,"k":[0,0],"ix":3},"nm":"Ellipse Path 1","mn":"ADBE Vector Shape - Ellipse","hd":false},{"ty":"fl","c":{"a":0,"k":[0,0,0,1],"ix":4},"o":{"a":0,"k":100,"ix":5},"r":1,"bm":0,"nm":"Fill 1","mn":"ADBE Vector Graphic - Fill","hd":false},{"ty":"tr","p":{"a":0,"k":[-10,354],"ix":2},"a":{"a":0,"k":[0,0],"ix":1},"s":{"a":0,"k":[100,100],"ix":3},"r":{"a":0,"k":0,"ix":6},"o":{"a":0,"k":100,"ix":7},"sk":{"a":0,"k":0,"ix":4},"sa":{"a":0,"k":0,"ix":5},"nm":"Transform"}],"nm":"Ellipse 1","np":3,"cix":2,"bm":0,"ix":1,"mn":"ADBE Vector Group","hd":false}],"ip":0,"op":124,"st":0,"bm":0},{"ddd":0,"ind":3,"ty":4,"nm":"Plant","sr":1,"ks":{"o":{"a":0,"k":100,"ix":11},"r":{"a":0,"k":0,"ix":10},"p":{"a":0,"k":[1297.899,795.437,0],"ix":2},"a":{"a":0,"k":[321.899,795.437,0],"ix":1},"s":{"a":0,"k":[100,100,100],"ix":6}},"ao":0,"shapes":[{"ty":"gr","it":[{"ty":"gr","it":[{"ind":0,"ty":"sh","ix":1,"ks":{"a":0,"k":{"i":[[0,0],[-25.992,-16.657],[0.5,0],[5,2.5]],"o":[[0,0],[71,45.5],[-0.5,0],[3,-103.25]],"v":[[-585.25,153.5],[-513.25,182],[-455,281.5],[-461.5,281.5]],"c":true},"ix":2},"nm":"Path 1","mn":"ADBE Vector Shape - Group","hd":false},{"ty":"fl","c":{"a":0,"k":[0.200000017881,0.501960813999,0.262745112181,1],"ix":4},"o":{"a":0,"k":100,"ix":5},"r":1,"bm":0,"nm":"Fill 1","mn":"ADBE Vector Graphic - Fill","hd":false},{"ty":"tr","p":{"a":0,"k":[0,0],"ix":2},"a":{"a":0,"k":[0,0],"ix":1},"s":{"a":0,"k":[100,100],"ix":3},"r":{"a":0,"k":0,"ix":6},"o":{"a":0,"k":100,"ix":7},"sk":{"a":0,"k":0,"ix":4},"sa":{"a":0,"k":0,"ix":5},"nm":"Transform"}],"nm":"Shape 1","np":3,"cix":2,"bm":0,"ix":1,"mn":"ADBE Vector Group","hd":false},{"ty":"gr","it":[{"ind":0,"ty":"sh","ix":1,"ks":{"a":0,"k":{"i":[[11,12.5],[42,-40],[0,0],[43,14],[-46.659,-57.157],[-8,19],[0,0],[-19,-59],[-9,35],[0,0],[-22,-45],[0,0],[42.5,-7],[0,0]],"o":[[-27,-5],[46,50],[0,0],[-32,26],[40,49],[15,-53],[0,0],[39,-5],[-33,-51],[0,0],[44,-46],[0,0],[-2,43.5],[0,0]],"v":[[-400,-151],[-502,-105],[-499,13],[-512,-92],[-534,112],[-420,121],[-480,46],[-403,110],[-330,51],[-433,13],[-323,38],[-286,-144],[-392.5,-151.5],[-418,-66]],"c":true},"ix":2},"nm":"Path 1","mn":"ADBE Vector Shape - Group","hd":false},{"ty":"fl","c":{"a":0,"k":[0.32549020648,0.811764776707,0.427451014519,1],"ix":4},"o":{"a":0,"k":100,"ix":5},"r":1,"bm":0,"nm":"Fill 1","mn":"ADBE Vector Graphic - Fill","hd":false},{"ty":"tr","p":{"a":0,"k":[-473,188],"ix":2},"a":{"a":0,"k":[-531.932,106.386],"ix":1},"s":{"a":0,"k":[46.999,46.999],"ix":3},"r":{"a":0,"k":-112.152,"ix":6},"o":{"a":0,"k":100,"ix":7},"sk":{"a":0,"k":0,"ix":4},"sa":{"a":0,"k":0,"ix":5},"nm":"Transform"}],"nm":"Shape 2","np":3,"cix":2,"bm":0,"ix":2,"mn":"ADBE Vector Group","hd":false},{"ty":"tr","p":{"a":0,"k":[341,881.5],"ix":2},"a":{"a":0,"k":[-459,281.5],"ix":1},"s":{"a":0,"k":[100,100],"ix":3},"r":{"a":1,"k":[{"i":{"x":[0],"y":[1]},"o":{"x":[0.05],"y":[0]},"t":0,"s":[0]},{"i":{"x":[0],"y":[1]},"o":{"x":[0.05],"y":[0]},"t":50,"s":[2]},{"t":124,"s":[0]}],"ix":6},"o":{"a":0,"k":100,"ix":7},"sk":{"a":0,"k":0,"ix":4},"sa":{"a":0,"k":0,"ix":5},"nm":"Transform"}],"nm":"L","np":2,"cix":2,"bm":0,"ix":1,"mn":"ADBE Vector Group","hd":false},{"ty":"gr","it":[{"ty":"gr","it":[{"ind":0,"ty":"sh","ix":1,"ks":{"a":0,"k":{"i":[[-125.892,369.389],[-11.993,-115.349],[-6.772,3.468]],"o":[[-118.796,272.891],[0.492,4.732],[7.421,-3.801]],"v":[[-534.774,-611.984],[-557.565,284.592],[-547.071,283.105]],"c":true},"ix":2},"nm":"Path 1","mn":"ADBE Vector Shape - Group","hd":false},{"ty":"fl","c":{"a":0,"k":[0.200000017881,0.501960813999,0.262745112181,1],"ix":4},"o":{"a":0,"k":100,"ix":5},"r":1,"bm":0,"nm":"Fill 1","mn":"ADBE Vector Graphic - Fill","hd":false},{"ty":"tr","p":{"a":0,"k":[0,0],"ix":2},"a":{"a":0,"k":[0,0],"ix":1},"s":{"a":0,"k":[100,100],"ix":3},"r":{"a":0,"k":0,"ix":6},"o":{"a":0,"k":100,"ix":7},"sk":{"a":0,"k":0,"ix":4},"sa":{"a":0,"k":0,"ix":5},"nm":"Transform"}],"nm":"Shape 3","np":3,"cix":2,"bm":0,"ix":1,"mn":"ADBE Vector Group","hd":false},{"ty":"gr","it":[{"ind":0,"ty":"sh","ix":1,"ks":{"a":0,"k":{"i":[[11,12.5],[42,-40],[0,0],[43,14],[-46.659,-57.157],[-8,19],[0,0],[-19,-59],[-9,35],[0,0],[-22,-45],[0,0],[42.5,-7],[0,0]],"o":[[-27,-5],[46,50],[0,0],[-32,26],[40,49],[15,-53],[0,0],[39,-5],[-33,-51],[0,0],[44,-46],[0,0],[-2,43.5],[0,0]],"v":[[-400,-151],[-502,-105],[-499,13],[-512,-92],[-534,112],[-420,121],[-480,46],[-403,110],[-330,51],[-433,13],[-323,38],[-286,-144],[-392.5,-151.5],[-418,-66]],"c":true},"ix":2},"nm":"Path 1","mn":"ADBE Vector Shape - Group","hd":false},{"ty":"fl","c":{"a":0,"k":[0.32549020648,0.811764776707,0.427451014519,1],"ix":4},"o":{"a":0,"k":100,"ix":5},"r":1,"bm":0,"nm":"Fill 1","mn":"ADBE Vector Graphic - Fill","hd":false},{"ty":"tr","p":{"a":0,"k":[-220.217,-704.72],"ix":2},"a":{"a":0,"k":[0,0],"ix":1},"s":{"a":0,"k":[100,100],"ix":3},"r":{"a":0,"k":-39.526,"ix":6},"o":{"a":0,"k":100,"ix":7},"sk":{"a":0,"k":0,"ix":4},"sa":{"a":0,"k":0,"ix":5},"nm":"Transform"}],"nm":"Shape 2","np":3,"cix":2,"bm":0,"ix":2,"mn":"ADBE Vector Group","hd":false},{"ty":"tr","p":{"a":0,"k":[341.844,876.193],"ix":2},"a":{"a":0,"k":[-551.171,269.796],"ix":1},"s":{"a":0,"k":[-41.704,36.318],"ix":3},"r":{"a":1,"k":[{"i":{"x":[0],"y":[1]},"o":{"x":[0.05],"y":[0]},"t":0,"s":[-10]},{"i":{"x":[0],"y":[1]},"o":{"x":[0.05],"y":[0]},"t":50,"s":[-8]},{"t":124,"s":[-10]}],"ix":6},"o":{"a":0,"k":100,"ix":7},"sk":{"a":0,"k":0,"ix":4},"sa":{"a":0,"k":0,"ix":5},"nm":"Transform"}],"nm":"C","np":2,"cix":2,"bm":0,"ix":2,"mn":"ADBE Vector Group","hd":false},{"ty":"gr","it":[{"ty":"gr","it":[{"ty":"gr","it":[{"ind":0,"ty":"sh","ix":1,"ks":{"a":0,"k":{"i":[[18.535,22.835],[45.498,-31.326],[0,0],[43,14],[-46.659,-57.157],[-8,19],[0,0],[-19,-59],[-9,35],[0,0],[-22,-45],[0,0],[42.5,-7],[0,0]],"o":[[-34.954,7.488],[46,50],[0,0],[-32,26],[40,49],[15,-53],[0,0],[39,-5],[-33,-51],[0,0],[44,-46],[0,0],[14.798,45.125],[0,0]],"v":[[-404.387,-150.083],[-502,-105],[-497.262,31.897],[-512,-92],[-542.677,118.076],[-420,121],[-495.471,76.229],[-403,110],[-330,51],[-455.027,42.073],[-323,38],[-286,-144],[-392.5,-151.5],[-418.285,-35.629]],"c":true},"ix":2},"nm":"Path 1","mn":"ADBE Vector Shape - Group","hd":false},{"ty":"fl","c":{"a":0,"k":[0.32549020648,0.811764776707,0.427451014519,1],"ix":4},"o":{"a":0,"k":100,"ix":5},"r":1,"bm":0,"nm":"Fill 1","mn":"ADBE Vector Graphic - Fill","hd":false},{"ty":"tr","p":{"a":0,"k":[0,0],"ix":2},"a":{"a":0,"k":[0,0],"ix":1},"s":{"a":0,"k":[100,100],"ix":3},"r":{"a":0,"k":0,"ix":6},"o":{"a":0,"k":100,"ix":7},"sk":{"a":0,"k":0,"ix":4},"sa":{"a":0,"k":0,"ix":5},"nm":"Transform"}],"nm":"Shape 1","np":3,"cix":2,"bm":0,"ix":1,"mn":"ADBE Vector Group","hd":false},{"ty":"tr","p":{"a":0,"k":[355.844,858.193],"ix":2},"a":{"a":0,"k":[-556.156,142.193],"ix":1},"s":{"a":0,"k":[60.081,60.081],"ix":3},"r":{"a":0,"k":-10,"ix":6},"o":{"a":0,"k":100,"ix":7},"sk":{"a":0,"k":0,"ix":4},"sa":{"a":0,"k":0,"ix":5},"nm":"Transform"}],"nm":"Shape Layer 2","np":1,"cix":2,"bm":0,"ix":1,"mn":"ADBE Vector Group","hd":false},{"ty":"gr","it":[{"ty":"gr","it":[{"ind":0,"ty":"sh","ix":1,"ks":{"a":0,"k":{"i":[[-50,58],[0,0],[-9,2.75]],"o":[[-132,141.5],[0,0],[1.5,-57]],"v":[[-406,-4],[-536,201],[-525,202]],"c":true},"ix":2},"nm":"Path 1","mn":"ADBE Vector Shape - Group","hd":false},{"ty":"fl","c":{"a":0,"k":[0.201269298792,0.501960813999,0.264317542315,1],"ix":4},"o":{"a":0,"k":100,"ix":5},"r":1,"bm":0,"nm":"Fill 1","mn":"ADBE Vector Graphic - Fill","hd":false},{"ty":"tr","p":{"a":0,"k":[0,0],"ix":2},"a":{"a":0,"k":[0,0],"ix":1},"s":{"a":0,"k":[100,100],"ix":3},"r":{"a":0,"k":0,"ix":6},"o":{"a":0,"k":100,"ix":7},"sk":{"a":0,"k":0,"ix":4},"sa":{"a":0,"k":0,"ix":5},"nm":"Transform"}],"nm":"Shape 1","np":3,"cix":2,"bm":0,"ix":1,"mn":"ADBE Vector Group","hd":false},{"ty":"tr","p":{"a":0,"k":[880,680],"ix":2},"a":{"a":0,"k":[0,0],"ix":1},"s":{"a":0,"k":[100,100],"ix":3},"r":{"a":0,"k":0,"ix":6},"o":{"a":0,"k":100,"ix":7},"sk":{"a":0,"k":0,"ix":4},"sa":{"a":0,"k":0,"ix":5},"nm":"Transform"}],"nm":"Shape Layer 4","np":1,"cix":2,"bm":0,"ix":2,"mn":"ADBE Vector Group","hd":false},{"ty":"tr","p":{"a":0,"k":[350.878,878.749],"ix":2},"a":{"a":0,"k":[350.878,878.749],"ix":1},"s":{"a":0,"k":[100,100],"ix":3},"r":{"a":1,"k":[{"i":{"x":[0],"y":[1]},"o":{"x":[0.05],"y":[0]},"t":0,"s":[0]},{"i":{"x":[0],"y":[1]},"o":{"x":[0.05],"y":[0]},"t":50,"s":[2]},{"t":124,"s":[0]}],"ix":6},"o":{"a":0,"k":100,"ix":7},"sk":{"a":0,"k":0,"ix":4},"sa":{"a":0,"k":0,"ix":5},"nm":"Transform"}],"nm":"R","np":2,"cix":2,"bm":0,"ix":3,"mn":"ADBE Vector Group","hd":false},{"ty":"gr","it":[{"ty":"gr","it":[{"ty":"gr","it":[{"ind":0,"ty":"sh","ix":1,"ks":{"a":0,"k":{"i":[[0,0],[88,17.5],[0,0],[-25,0],[0,0]],"o":[[0,0],[0,-0.5],[0,0],[28.5,0],[0,0]],"v":[[-462.5,195],[-592,197.5],[-566,350],[-525,356.5],[-484,350]],"c":true},"ix":2},"nm":"Path 1","mn":"ADBE Vector Shape - Group","hd":false},{"ty":"fl","c":{"a":0,"k":[0.796078443527,0.796078443527,0.796078443527,1],"ix":4},"o":{"a":0,"k":100,"ix":5},"r":1,"bm":0,"nm":"Fill 1","mn":"ADBE Vector Graphic - Fill","hd":false},{"ty":"tr","p":{"a":0,"k":[0,0],"ix":2},"a":{"a":0,"k":[0,0],"ix":1},"s":{"a":0,"k":[100,100],"ix":3},"r":{"a":0,"k":0,"ix":6},"o":{"a":0,"k":100,"ix":7},"sk":{"a":0,"k":0,"ix":4},"sa":{"a":0,"k":0,"ix":5},"nm":"Transform"}],"nm":"Shape 1","np":3,"cix":2,"bm":0,"ix":1,"mn":"ADBE Vector Group","hd":false},{"ty":"tr","p":{"a":0,"k":[800,600],"ix":2},"a":{"a":0,"k":[0,0],"ix":1},"s":{"a":0,"k":[100,100],"ix":3},"r":{"a":0,"k":0,"ix":6},"o":{"a":0,"k":100,"ix":7},"sk":{"a":0,"k":0,"ix":4},"sa":{"a":0,"k":0,"ix":5},"nm":"Transform"}],"nm":"Shape Layer 2","np":1,"cix":2,"bm":0,"ix":1,"mn":"ADBE Vector Group","hd":false},{"ty":"gr","it":[{"ty":"gr","it":[{"d":1,"ty":"el","s":{"a":0,"k":[126,19],"ix":2},"p":{"a":0,"k":[0,0],"ix":3},"nm":"Ellipse Path 1","mn":"ADBE Vector Shape - Ellipse","hd":false},{"ty":"fl","c":{"a":0,"k":[0.46274510026,0.46274510026,0.46274510026,1],"ix":4},"o":{"a":0,"k":100,"ix":5},"r":1,"bm":0,"nm":"Fill 1","mn":"ADBE Vector Graphic - Fill","hd":false},{"ty":"tr","p":{"a":0,"k":[-528,204.5],"ix":2},"a":{"a":0,"k":[0,0],"ix":1},"s":{"a":0,"k":[100,100],"ix":3},"r":{"a":0,"k":0,"ix":6},"o":{"a":0,"k":100,"ix":7},"sk":{"a":0,"k":0,"ix":4},"sa":{"a":0,"k":0,"ix":5},"nm":"Transform"}],"nm":"Ellipse 1","np":3,"cix":2,"bm":0,"ix":1,"mn":"ADBE Vector Group","hd":false},{"ty":"tr","p":{"a":0,"k":[337.5,796.5],"ix":2},"a":{"a":0,"k":[-465,204.5],"ix":1},"s":{"a":0,"k":[102.579,121.053],"ix":3},"r":{"a":0,"k":0,"ix":6},"o":{"a":0,"k":100,"ix":7},"sk":{"a":0,"k":0,"ix":4},"sa":{"a":0,"k":0,"ix":5},"nm":"Transform"}],"nm":"Shape Layer 3","np":1,"cix":2,"bm":0,"ix":2,"mn":"ADBE Vector Group","hd":false},{"ty":"tr","p":{"a":0,"k":[352.75,950.75],"ix":2},"a":{"a":0,"k":[272.75,870.75],"ix":1},"s":{"a":0,"k":[100,100],"ix":3},"r":{"a":0,"k":0,"ix":6},"o":{"a":0,"k":100,"ix":7},"sk":{"a":0,"k":0,"ix":4},"sa":{"a":0,"k":0,"ix":5},"nm":"Transform"}],"nm":"Tob","np":2,"cix":2,"bm":0,"ix":4,"mn":"ADBE Vector Group","hd":false}],"ip":0,"op":124,"st":0,"bm":0},{"ddd":0,"ind":4,"ty":4,"nm":"Yellow Speach Bubble","sr":1,"ks":{"o":{"a":0,"k":100,"ix":11},"r":{"a":0,"k":0,"ix":10},"p":{"a":1,"k":[{"i":{"x":0,"y":1},"o":{"x":0.05,"y":0},"t":0,"s":[607.298,244.105,0],"to":[0,4,0],"ti":[0,1.333,0]},{"i":{"x":0,"y":1},"o":{"x":0.05,"y":0},"t":24,"s":[607.298,268.105,0],"to":[0,-1.333,0],"ti":[0,2.333,0]},{"i":{"x":0,"y":1},"o":{"x":0.05,"y":0},"t":49,"s":[607.298,236.105,0],"to":[0,-2.333,0],"ti":[0,-1.333,0]},{"i":{"x":0,"y":1},"o":{"x":0.05,"y":0},"t":74,"s":[607.298,254.105,0],"to":[0,1.333,0],"ti":[0,1.667,0]},{"t":99,"s":[607.298,244.105,0]}],"ix":2},"a":{"a":0,"k":[-115.298,-261.564,0],"ix":1},"s":{"a":1,"k":[{"i":{"x":[0,0,0],"y":[1,1,1]},"o":{"x":[0.05,0.05,0.05],"y":[0,0,0]},"t":-13,"s":[0,0,100]},{"i":{"x":[0,0,0],"y":[1,1,1]},"o":{"x":[0.05,0.05,0.05],"y":[0,0,0]},"t":0,"s":[-68.777,68.777,100]},{"i":{"x":[0,0,0],"y":[1,1,1]},"o":{"x":[0.05,0.05,0.05],"y":[0,0,0]},"t":99,"s":[-68.777,68.777,100]},{"t":113,"s":[0,0,100]}],"ix":6}},"ao":0,"shapes":[{"ty":"gr","it":[{"d":1,"ty":"el","s":{"a":1,"k":[{"i":{"x":[0,0],"y":[1,1]},"o":{"x":[0.05,0.05],"y":[0,0]},"t":7,"s":[0,0]},{"i":{"x":[0,0],"y":[1,1]},"o":{"x":[0.05,0.05],"y":[0,0]},"t":18,"s":[15,15]},{"i":{"x":[0,0],"y":[1,1]},"o":{"x":[0.05,0.05],"y":[0,0]},"t":32,"s":[0,0]},{"i":{"x":[0,0],"y":[1,1]},"o":{"x":[0.05,0.05],"y":[0,0]},"t":43,"s":[15,15]},{"i":{"x":[0,0],"y":[1,1]},"o":{"x":[0.05,0.05],"y":[0,0]},"t":57,"s":[0,0]},{"i":{"x":[0,0],"y":[1,1]},"o":{"x":[0.05,0.05],"y":[0,0]},"t":68,"s":[15,15]},{"i":{"x":[0,0],"y":[1,1]},"o":{"x":[0.05,0.05],"y":[0,0]},"t":82,"s":[0,0]},{"i":{"x":[0,0],"y":[1,1]},"o":{"x":[0.05,0.05],"y":[0,0]},"t":93,"s":[15,15]},{"i":{"x":[0,0],"y":[1,1]},"o":{"x":[0.05,0.05],"y":[0,0]},"t":107,"s":[0,0]},{"t":118,"s":[15,15]}],"ix":2},"p":{"a":0,"k":[0,0],"ix":3},"nm":"Ellipse Path 1","mn":"ADBE Vector Shape - Ellipse","hd":false},{"ty":"fl","c":{"a":0,"k":[0.941176530427,0.941176530427,0.941176530427,1],"ix":4},"o":{"a":0,"k":100,"ix":5},"r":1,"bm":0,"nm":"Fill 1","mn":"ADBE Vector Graphic - Fill","hd":false},{"ty":"tr","p":{"a":0,"k":[-28,-317],"ix":2},"a":{"a":0,"k":[0,0],"ix":1},"s":{"a":0,"k":[100,100],"ix":3},"r":{"a":0,"k":0,"ix":6},"o":{"a":0,"k":100,"ix":7},"sk":{"a":0,"k":0,"ix":4},"sa":{"a":0,"k":0,"ix":5},"nm":"Transform"}],"nm":"Ellipse 4","np":3,"cix":2,"bm":0,"ix":1,"mn":"ADBE Vector Group","hd":false},{"ty":"gr","it":[{"d":1,"ty":"el","s":{"a":1,"k":[{"i":{"x":[0,0],"y":[1,1]},"o":{"x":[0.05,0.05],"y":[0,0]},"t":3,"s":[0,0]},{"i":{"x":[0,0],"y":[1,1]},"o":{"x":[0.05,0.05],"y":[0,0]},"t":15,"s":[20,20]},{"i":{"x":[0,0],"y":[1,1]},"o":{"x":[0.05,0.05],"y":[0,0]},"t":28,"s":[0,0]},{"i":{"x":[0,0],"y":[1,1]},"o":{"x":[0.05,0.05],"y":[0,0]},"t":40,"s":[20,20]},{"i":{"x":[0,0],"y":[1,1]},"o":{"x":[0.05,0.05],"y":[0,0]},"t":53,"s":[0,0]},{"i":{"x":[0,0],"y":[1,1]},"o":{"x":[0.05,0.05],"y":[0,0]},"t":65,"s":[20,20]},{"i":{"x":[0,0],"y":[1,1]},"o":{"x":[0.05,0.05],"y":[0,0]},"t":78,"s":[0,0]},{"i":{"x":[0,0],"y":[1,1]},"o":{"x":[0.05,0.05],"y":[0,0]},"t":90,"s":[20,20]},{"i":{"x":[0,0],"y":[1,1]},"o":{"x":[0.05,0.05],"y":[0,0]},"t":103,"s":[0,0]},{"t":115,"s":[20,20]}],"ix":2},"p":{"a":0,"k":[0,0],"ix":3},"nm":"Ellipse Path 1","mn":"ADBE Vector Shape - Ellipse","hd":false},{"ty":"fl","c":{"a":0,"k":[0.941176530427,0.941176530427,0.941176530427,1],"ix":4},"o":{"a":0,"k":100,"ix":5},"r":1,"bm":0,"nm":"Fill 1","mn":"ADBE Vector Graphic - Fill","hd":false},{"ty":"tr","p":{"a":0,"k":[-53,-317],"ix":2},"a":{"a":0,"k":[0,0],"ix":1},"s":{"a":0,"k":[100,100],"ix":3},"r":{"a":0,"k":0,"ix":6},"o":{"a":0,"k":100,"ix":7},"sk":{"a":0,"k":0,"ix":4},"sa":{"a":0,"k":0,"ix":5},"nm":"Transform"}],"nm":"Ellipse 3","np":3,"cix":2,"bm":0,"ix":2,"mn":"ADBE Vector Group","hd":false},{"ty":"gr","it":[{"d":1,"ty":"el","s":{"a":1,"k":[{"i":{"x":[0,0],"y":[1,1]},"o":{"x":[0.05,0.05],"y":[0,0]},"t":0,"s":[0,0]},{"i":{"x":[0,0],"y":[1,1]},"o":{"x":[0.05,0.05],"y":[0,0]},"t":11,"s":[15,15]},{"i":{"x":[0,0],"y":[1,1]},"o":{"x":[0.05,0.05],"y":[0,0]},"t":24,"s":[0,0]},{"i":{"x":[0,0],"y":[1,1]},"o":{"x":[0.05,0.05],"y":[0,0]},"t":36,"s":[15,15]},{"i":{"x":[0,0],"y":[1,1]},"o":{"x":[0.05,0.05],"y":[0,0]},"t":49,"s":[0,0]},{"i":{"x":[0,0],"y":[1,1]},"o":{"x":[0.05,0.05],"y":[0,0]},"t":61,"s":[15,15]},{"i":{"x":[0,0],"y":[1,1]},"o":{"x":[0.05,0.05],"y":[0,0]},"t":74,"s":[0,0]},{"i":{"x":[0,0],"y":[1,1]},"o":{"x":[0.05,0.05],"y":[0,0]},"t":86,"s":[15,15]},{"i":{"x":[0,0],"y":[1,1]},"o":{"x":[0.05,0.05],"y":[0,0]},"t":99,"s":[0,0]},{"t":111,"s":[15,15]}],"ix":2},"p":{"a":0,"k":[0,0],"ix":3},"nm":"Ellipse Path 1","mn":"ADBE Vector Shape - Ellipse","hd":false},{"ty":"fl","c":{"a":0,"k":[0.941176530427,0.941176530427,0.941176530427,1],"ix":4},"o":{"a":0,"k":100,"ix":5},"r":1,"bm":0,"nm":"Fill 1","mn":"ADBE Vector Graphic - Fill","hd":false},{"ty":"tr","p":{"a":0,"k":[-78,-317.5],"ix":2},"a":{"a":0,"k":[0,0],"ix":1},"s":{"a":0,"k":[100,100],"ix":3},"r":{"a":0,"k":0,"ix":6},"o":{"a":0,"k":100,"ix":7},"sk":{"a":0,"k":0,"ix":4},"sa":{"a":0,"k":0,"ix":5},"nm":"Transform"}],"nm":"Ellipse 2","np":3,"cix":2,"bm":0,"ix":3,"mn":"ADBE Vector Group","hd":false},{"ty":"gr","it":[{"ind":0,"ty":"sh","ix":1,"ks":{"a":0,"k":{"i":[[-30.376,0],[0,-30.376],[30.376,0],[6.079,2.314],[33.798,3.426],[2.55,2.485],[0,15.445]],"o":[[30.376,0],[0,30.376],[-6.891,0],[-3.703,-1.41],[0.798,0.426],[-10.251,-9.99],[0,-30.376]],"v":[[0,-55],[55,0],[0,55],[-19.564,51.419],[-62.298,54.574],[-38.383,39.393],[-55,0]],"c":true},"ix":2},"nm":"Path 1","mn":"ADBE Vector Shape - Group","hd":false},{"ty":"fl","c":{"a":0,"k":[1,0.909803981407,0.270588235294,1],"ix":4},"o":{"a":0,"k":100,"ix":5},"r":1,"bm":0,"nm":"Fill 1","mn":"ADBE Vector Graphic - Fill","hd":false},{"ty":"tr","p":{"a":0,"k":[-53,-317],"ix":2},"a":{"a":0,"k":[0,0],"ix":1},"s":{"a":0,"k":[100,100],"ix":3},"r":{"a":0,"k":0,"ix":6},"o":{"a":0,"k":100,"ix":7},"sk":{"a":0,"k":0,"ix":4},"sa":{"a":0,"k":0,"ix":5},"nm":"Transform"}],"nm":"Ellipse 1","np":3,"cix":2,"bm":0,"ix":4,"mn":"ADBE Vector Group","hd":false}],"ip":0,"op":124,"st":0,"bm":0},{"ddd":0,"ind":5,"ty":4,"nm":"Green Speach Bubble","sr":1,"ks":{"o":{"a":0,"k":100,"ix":11},"r":{"a":0,"k":0,"ix":10},"p":{"a":1,"k":[{"i":{"x":0,"y":1},"o":{"x":0.05,"y":0},"t":0,"s":[440.702,247.436,0],"to":[0,4.833,0],"ti":[0,-0.167,0]},{"i":{"x":0,"y":1},"o":{"x":0.05,"y":0},"t":24,"s":[440.702,276.436,0],"to":[0,0.167,0],"ti":[8,4.667,0]},{"i":{"x":0,"y":1},"o":{"x":0.05,"y":0},"t":49,"s":[440.702,248.436,0],"to":[-8,-4.667,0],"ti":[8,0,0]},{"i":{"x":0,"y":0},"o":{"x":0.05,"y":0.05},"t":74,"s":[392.702,248.436,0],"to":[0,0,0],"ti":[0,0,0]},{"t":99,"s":[392.702,248.436,0]}],"ix":2},"a":{"a":0,"k":[-115.298,-261.564,0],"ix":1},"s":{"a":1,"k":[{"i":{"x":[0,0,0],"y":[1,1,1]},"o":{"x":[0.05,0.05,0.05],"y":[0,0,0]},"t":-13,"s":[0,0,100]},{"i":{"x":[0,0,0],"y":[1,1,1]},"o":{"x":[0.05,0.05,0.05],"y":[0,0,0]},"t":0,"s":[100,100,100]},{"i":{"x":[0,0,0],"y":[1,1,1]},"o":{"x":[0.05,0.05,0.05],"y":[0,0,0]},"t":99,"s":[100,100,100]},{"t":113,"s":[0,0,100]}],"ix":6}},"ao":0,"shapes":[{"ty":"gr","it":[{"d":1,"ty":"el","s":{"a":1,"k":[{"i":{"x":[0,0],"y":[1,1]},"o":{"x":[0.05,0.05],"y":[0,0]},"t":5,"s":[0,0]},{"i":{"x":[0,0],"y":[1,1]},"o":{"x":[0.05,0.05],"y":[0,0]},"t":18,"s":[15,15]},{"i":{"x":[0,0],"y":[1,1]},"o":{"x":[0.05,0.05],"y":[0,0]},"t":30,"s":[0,0]},{"i":{"x":[0,0],"y":[1,1]},"o":{"x":[0.05,0.05],"y":[0,0]},"t":43,"s":[15,15]},{"i":{"x":[0,0],"y":[1,1]},"o":{"x":[0.05,0.05],"y":[0,0]},"t":55,"s":[0,0]},{"i":{"x":[0,0],"y":[1,1]},"o":{"x":[0.05,0.05],"y":[0,0]},"t":68,"s":[15,15]},{"i":{"x":[0,0],"y":[1,1]},"o":{"x":[0.05,0.05],"y":[0,0]},"t":80,"s":[0,0]},{"i":{"x":[0,0],"y":[1,1]},"o":{"x":[0.05,0.05],"y":[0,0]},"t":93,"s":[15,15]},{"i":{"x":[0,0],"y":[1,1]},"o":{"x":[0.05,0.05],"y":[0,0]},"t":105,"s":[0,0]},{"t":118,"s":[15,15]}],"ix":2},"p":{"a":0,"k":[0,0],"ix":3},"nm":"Ellipse Path 1","mn":"ADBE Vector Shape - Ellipse","hd":false},{"ty":"fl","c":{"a":0,"k":[0.941176530427,0.941176530427,0.941176530427,1],"ix":4},"o":{"a":0,"k":100,"ix":5},"r":1,"bm":0,"nm":"Fill 1","mn":"ADBE Vector Graphic - Fill","hd":false},{"ty":"tr","p":{"a":0,"k":[-28,-317],"ix":2},"a":{"a":0,"k":[0,0],"ix":1},"s":{"a":0,"k":[100,100],"ix":3},"r":{"a":0,"k":0,"ix":6},"o":{"a":0,"k":100,"ix":7},"sk":{"a":0,"k":0,"ix":4},"sa":{"a":0,"k":0,"ix":5},"nm":"Transform"}],"nm":"Ellipse 4","np":3,"cix":2,"bm":0,"ix":1,"mn":"ADBE Vector Group","hd":false},{"ty":"gr","it":[{"d":1,"ty":"el","s":{"a":1,"k":[{"i":{"x":[0,0],"y":[1,1]},"o":{"x":[0.05,0.05],"y":[0,0]},"t":2,"s":[0,0]},{"i":{"x":[0,0],"y":[1,1]},"o":{"x":[0.05,0.05],"y":[0,0]},"t":15,"s":[20,20]},{"i":{"x":[0,0],"y":[1,1]},"o":{"x":[0.05,0.05],"y":[0,0]},"t":27,"s":[0,0]},{"i":{"x":[0,0],"y":[1,1]},"o":{"x":[0.05,0.05],"y":[0,0]},"t":40,"s":[20,20]},{"i":{"x":[0,0],"y":[1,1]},"o":{"x":[0.05,0.05],"y":[0,0]},"t":52,"s":[0,0]},{"i":{"x":[0,0],"y":[1,1]},"o":{"x":[0.05,0.05],"y":[0,0]},"t":65,"s":[20,20]},{"i":{"x":[0,0],"y":[1,1]},"o":{"x":[0.05,0.05],"y":[0,0]},"t":77,"s":[0,0]},{"i":{"x":[0,0],"y":[1,1]},"o":{"x":[0.05,0.05],"y":[0,0]},"t":90,"s":[20,20]},{"i":{"x":[0,0],"y":[1,1]},"o":{"x":[0.05,0.05],"y":[0,0]},"t":102,"s":[0,0]},{"t":115,"s":[20,20]}],"ix":2},"p":{"a":0,"k":[0,0],"ix":3},"nm":"Ellipse Path 1","mn":"ADBE Vector Shape - Ellipse","hd":false},{"ty":"fl","c":{"a":0,"k":[0.941176530427,0.941176530427,0.941176530427,1],"ix":4},"o":{"a":0,"k":100,"ix":5},"r":1,"bm":0,"nm":"Fill 1","mn":"ADBE Vector Graphic - Fill","hd":false},{"ty":"tr","p":{"a":0,"k":[-53,-317],"ix":2},"a":{"a":0,"k":[0,0],"ix":1},"s":{"a":0,"k":[100,100],"ix":3},"r":{"a":0,"k":0,"ix":6},"o":{"a":0,"k":100,"ix":7},"sk":{"a":0,"k":0,"ix":4},"sa":{"a":0,"k":0,"ix":5},"nm":"Transform"}],"nm":"Ellipse 3","np":3,"cix":2,"bm":0,"ix":2,"mn":"ADBE Vector Group","hd":false},{"ty":"gr","it":[{"d":1,"ty":"el","s":{"a":1,"k":[{"i":{"x":[0,0],"y":[1,1]},"o":{"x":[0.05,0.05],"y":[0,0]},"t":0,"s":[0,0]},{"i":{"x":[0,0],"y":[1,1]},"o":{"x":[0.05,0.05],"y":[0,0]},"t":12,"s":[15,15]},{"i":{"x":[0,0],"y":[1,1]},"o":{"x":[0.05,0.05],"y":[0,0]},"t":24,"s":[0,0]},{"i":{"x":[0,0],"y":[1,1]},"o":{"x":[0.05,0.05],"y":[0,0]},"t":37,"s":[15,15]},{"i":{"x":[0,0],"y":[1,1]},"o":{"x":[0.05,0.05],"y":[0,0]},"t":49,"s":[0,0]},{"i":{"x":[0,0],"y":[1,1]},"o":{"x":[0.05,0.05],"y":[0,0]},"t":62,"s":[15,15]},{"i":{"x":[0,0],"y":[1,1]},"o":{"x":[0.05,0.05],"y":[0,0]},"t":74,"s":[0,0]},{"i":{"x":[0,0],"y":[1,1]},"o":{"x":[0.05,0.05],"y":[0,0]},"t":87,"s":[15,15]},{"i":{"x":[0,0],"y":[1,1]},"o":{"x":[0.05,0.05],"y":[0,0]},"t":99,"s":[0,0]},{"t":112,"s":[15,15]}],"ix":2},"p":{"a":0,"k":[0,0],"ix":3},"nm":"Ellipse Path 1","mn":"ADBE Vector Shape - Ellipse","hd":false},{"ty":"fl","c":{"a":0,"k":[0.941176530427,0.941176530427,0.941176530427,1],"ix":4},"o":{"a":0,"k":100,"ix":5},"r":1,"bm":0,"nm":"Fill 1","mn":"ADBE Vector Graphic - Fill","hd":false},{"ty":"tr","p":{"a":0,"k":[-78,-317.5],"ix":2},"a":{"a":0,"k":[0,0],"ix":1},"s":{"a":0,"k":[100,100],"ix":3},"r":{"a":0,"k":0,"ix":6},"o":{"a":0,"k":100,"ix":7},"sk":{"a":0,"k":0,"ix":4},"sa":{"a":0,"k":0,"ix":5},"nm":"Transform"}],"nm":"Ellipse 2","np":3,"cix":2,"bm":0,"ix":3,"mn":"ADBE Vector Group","hd":false},{"ty":"gr","it":[{"ind":0,"ty":"sh","ix":1,"ks":{"a":0,"k":{"i":[[-30.376,0],[0,-30.376],[30.376,0],[6.079,2.314],[33.798,3.426],[2.55,2.485],[0,15.445]],"o":[[30.376,0],[0,30.376],[-6.891,0],[-3.703,-1.41],[0.798,0.426],[-10.251,-9.99],[0,-30.376]],"v":[[0,-55],[55,0],[0,55],[-19.564,51.419],[-62.298,54.574],[-38.383,39.393],[-55,0]],"c":true},"ix":2},"nm":"Path 1","mn":"ADBE Vector Shape - Group","hd":false},{"ty":"fl","c":{"a":0,"k":[0.443137224983,1,0.652779732498,1],"ix":4},"o":{"a":0,"k":100,"ix":5},"r":1,"bm":0,"nm":"Fill 1","mn":"ADBE Vector Graphic - Fill","hd":false},{"ty":"tr","p":{"a":0,"k":[-53,-317],"ix":2},"a":{"a":0,"k":[0,0],"ix":1},"s":{"a":0,"k":[100,100],"ix":3},"r":{"a":0,"k":0,"ix":6},"o":{"a":0,"k":100,"ix":7},"sk":{"a":0,"k":0,"ix":4},"sa":{"a":0,"k":0,"ix":5},"nm":"Transform"}],"nm":"Ellipse 1","np":3,"cix":2,"bm":0,"ix":4,"mn":"ADBE Vector Group","hd":false}],"ip":0,"op":124,"st":0,"bm":0},{"ddd":0,"ind":6,"ty":4,"nm":"Line Strokes","sr":1,"ks":{"o":{"a":0,"k":100,"ix":11},"r":{"a":0,"k":0,"ix":10},"p":{"a":0,"k":[524,500,0],"ix":2},"a":{"a":0,"k":[0,0,0],"ix":1},"s":{"a":0,"k":[100,100,100],"ix":6}},"ao":0,"shapes":[{"ty":"gr","it":[{"ind":0,"ty":"sh","ix":1,"ks":{"a":0,"k":{"i":[[0,0],[0,0]],"o":[[0,0],[0,0]],"v":[[-432,-214],[-76,-214]],"c":false},"ix":2},"nm":"Path 1","mn":"ADBE Vector Shape - Group","hd":false},{"ty":"tm","s":{"a":1,"k":[{"i":{"x":[0],"y":[1]},"o":{"x":[0.05],"y":[0]},"t":34,"s":[0]},{"i":{"x":[0],"y":[1]},"o":{"x":[0.05],"y":[0]},"t":59,"s":[80]},{"t":84,"s":[100]}],"ix":1},"e":{"a":1,"k":[{"i":{"x":[0],"y":[1]},"o":{"x":[0.05],"y":[0]},"t":34,"s":[0]},{"t":84,"s":[100]}],"ix":2},"o":{"a":0,"k":0,"ix":3},"m":1,"ix":2,"nm":"Trim Paths 1","mn":"ADBE Vector Filter - Trim","hd":false},{"ty":"st","c":{"a":0,"k":[0.639215686275,0.639215686275,0.639215686275,1],"ix":3},"o":{"a":0,"k":100,"ix":4},"w":{"a":0,"k":4,"ix":5},"lc":1,"lj":1,"ml":4,"bm":0,"nm":"Stroke 1","mn":"ADBE Vector Graphic - Stroke","hd":false},{"ty":"tr","p":{"a":0,"k":[0,0],"ix":2},"a":{"a":0,"k":[0,0],"ix":1},"s":{"a":0,"k":[100,100],"ix":3},"r":{"a":0,"k":0,"ix":6},"o":{"a":0,"k":100,"ix":7},"sk":{"a":0,"k":0,"ix":4},"sa":{"a":0,"k":0,"ix":5},"nm":"Transform"}],"nm":"Stroke Bottom 2","np":4,"cix":2,"bm":0,"ix":1,"mn":"ADBE Vector Group","hd":false},{"ty":"gr","it":[{"ind":0,"ty":"sh","ix":1,"ks":{"a":0,"k":{"i":[[0,0],[0,0]],"o":[[0,0],[0,0]],"v":[[-46,-292],[310,-292]],"c":false},"ix":2},"nm":"Path 1","mn":"ADBE Vector Shape - Group","hd":false},{"ty":"tm","s":{"a":1,"k":[{"i":{"x":[0],"y":[1]},"o":{"x":[0.05],"y":[0]},"t":9,"s":[100]},{"i":{"x":[0],"y":[1]},"o":{"x":[0.05],"y":[0]},"t":34.168,"s":[80]},{"t":59,"s":[0]}],"ix":1},"e":{"a":1,"k":[{"i":{"x":[0],"y":[1]},"o":{"x":[0.05],"y":[0]},"t":9,"s":[100]},{"t":59,"s":[0]}],"ix":2},"o":{"a":0,"k":0,"ix":3},"m":1,"ix":2,"nm":"Trim Paths 1","mn":"ADBE Vector Filter - Trim","hd":false},{"ty":"st","c":{"a":0,"k":[0.639215686275,0.639215686275,0.639215686275,1],"ix":3},"o":{"a":0,"k":100,"ix":4},"w":{"a":0,"k":4,"ix":5},"lc":1,"lj":1,"ml":4,"bm":0,"nm":"Stroke 1","mn":"ADBE Vector Graphic - Stroke","hd":false},{"ty":"tr","p":{"a":0,"k":[0,0],"ix":2},"a":{"a":0,"k":[0,0],"ix":1},"s":{"a":0,"k":[100,100],"ix":3},"r":{"a":0,"k":0,"ix":6},"o":{"a":0,"k":100,"ix":7},"sk":{"a":0,"k":0,"ix":4},"sa":{"a":0,"k":0,"ix":5},"nm":"Transform"}],"nm":"Stroke Bottom","np":4,"cix":2,"bm":0,"ix":2,"mn":"ADBE Vector Group","hd":false}],"ip":0,"op":124,"st":0,"bm":0},{"ddd":0,"ind":7,"ty":4,"nm":"Ellipse Particles","sr":1,"ks":{"o":{"a":0,"k":100,"ix":11},"r":{"a":0,"k":0,"ix":10},"p":{"a":1,"k":[{"i":{"x":0.75,"y":1},"o":{"x":0.25,"y":0},"t":-26,"s":[524,500,0],"to":[1.427,6.307,0],"ti":[0,0,0]},{"i":{"x":0.75,"y":1},"o":{"x":0.25,"y":0},"t":49,"s":[532.56,537.84,0],"to":[0,0,0],"ti":[1.427,6.307,0]},{"t":123,"s":[524,500,0]}],"ix":2},"a":{"a":0,"k":[0,0,0],"ix":1},"s":{"a":1,"k":[{"i":{"x":[0.75,0.75,0.75],"y":[1,1,1]},"o":{"x":[0.25,0.25,0.25],"y":[0,0,0]},"t":-26,"s":[100,100,100]},{"i":{"x":[0.75,0.75,0.75],"y":[1,1,1]},"o":{"x":[0.25,0.25,0.25],"y":[0,0,0]},"t":49,"s":[88,88,100]},{"t":123,"s":[100,100,100]}],"ix":6}},"ao":0,"shapes":[{"ty":"gr","it":[{"d":1,"ty":"el","s":{"a":0,"k":[18,18],"ix":2},"p":{"a":0,"k":[0,0],"ix":3},"nm":"Ellipse Path 1","mn":"ADBE Vector Shape - Ellipse","hd":false},{"ty":"fl","c":{"a":0,"k":[1,0.909803981407,0.270588235294,1],"ix":4},"o":{"a":0,"k":100,"ix":5},"r":1,"bm":0,"nm":"Fill 1","mn":"ADBE Vector Graphic - Fill","hd":false},{"ty":"tr","p":{"a":0,"k":[33,-243],"ix":2},"a":{"a":0,"k":[0,0],"ix":1},"s":{"a":0,"k":[100,100],"ix":3},"r":{"a":0,"k":0,"ix":6},"o":{"a":0,"k":100,"ix":7},"sk":{"a":0,"k":0,"ix":4},"sa":{"a":0,"k":0,"ix":5},"nm":"Transform"}],"nm":"Ellipse 4","np":3,"cix":2,"bm":0,"ix":1,"mn":"ADBE Vector Group","hd":false},{"ty":"gr","it":[{"d":1,"ty":"el","s":{"a":0,"k":[40,40],"ix":2},"p":{"a":0,"k":[0,0],"ix":3},"nm":"Ellipse Path 1","mn":"ADBE Vector Shape - Ellipse","hd":false},{"ty":"fl","c":{"a":0,"k":[0.36862745098,0.913725550034,0.482352971096,1],"ix":4},"o":{"a":0,"k":100,"ix":5},"r":1,"bm":0,"nm":"Fill 1","mn":"ADBE Vector Graphic - Fill","hd":false},{"ty":"tr","p":{"a":0,"k":[282,-234],"ix":2},"a":{"a":0,"k":[0,0],"ix":1},"s":{"a":0,"k":[100,100],"ix":3},"r":{"a":0,"k":0,"ix":6},"o":{"a":0,"k":100,"ix":7},"sk":{"a":0,"k":0,"ix":4},"sa":{"a":0,"k":0,"ix":5},"nm":"Transform"}],"nm":"Ellipse 3","np":3,"cix":2,"bm":0,"ix":2,"mn":"ADBE Vector Group","hd":false},{"ty":"gr","it":[{"d":1,"ty":"el","s":{"a":0,"k":[20,20],"ix":2},"p":{"a":0,"k":[0,0],"ix":3},"nm":"Ellipse Path 1","mn":"ADBE Vector Shape - Ellipse","hd":false},{"ty":"fl","c":{"a":0,"k":[1,0.909803981407,0.270588235294,1],"ix":4},"o":{"a":0,"k":100,"ix":5},"r":1,"bm":0,"nm":"Fill 1","mn":"ADBE Vector Graphic - Fill","hd":false},{"ty":"tr","p":{"a":0,"k":[10,158],"ix":2},"a":{"a":0,"k":[0,0],"ix":1},"s":{"a":0,"k":[100,100],"ix":3},"r":{"a":0,"k":0,"ix":6},"o":{"a":0,"k":100,"ix":7},"sk":{"a":0,"k":0,"ix":4},"sa":{"a":0,"k":0,"ix":5},"nm":"Transform"}],"nm":"Ellipse 2","np":3,"cix":2,"bm":0,"ix":3,"mn":"ADBE Vector Group","hd":false},{"ty":"gr","it":[{"d":1,"ty":"el","s":{"a":0,"k":[38,38],"ix":2},"p":{"a":0,"k":[0,0],"ix":3},"nm":"Ellipse Path 1","mn":"ADBE Vector Shape - Ellipse","hd":false},{"ty":"fl","c":{"a":0,"k":[0.398907111673,1,0.530054668352,1],"ix":4},"o":{"a":0,"k":100,"ix":5},"r":1,"bm":0,"nm":"Fill 1","mn":"ADBE Vector Graphic - Fill","hd":false},{"ty":"tr","p":{"a":0,"k":[-357,-39],"ix":2},"a":{"a":0,"k":[0,0],"ix":1},"s":{"a":0,"k":[100,100],"ix":3},"r":{"a":0,"k":0,"ix":6},"o":{"a":0,"k":100,"ix":7},"sk":{"a":0,"k":0,"ix":4},"sa":{"a":0,"k":0,"ix":5},"nm":"Transform"}],"nm":"Ellipse 1","np":3,"cix":2,"bm":0,"ix":4,"mn":"ADBE Vector Group","hd":false}],"ip":0,"op":124,"st":0,"bm":0},{"ddd":0,"ind":8,"ty":4,"nm":"Window","sr":1,"ks":{"o":{"a":0,"k":100,"ix":11},"r":{"a":0,"k":0,"ix":10},"p":{"a":0,"k":[1200,461,0],"ix":2},"a":{"a":0,"k":[-475,-275,0],"ix":1},"s":{"a":0,"k":[100,100,100],"ix":6}},"ao":0,"shapes":[{"ty":"gr","it":[{"ind":0,"ty":"sh","ix":1,"ks":{"a":0,"k":{"i":[[24,0],[0,0],[0,0],[15.016,1.877],[0,0]],"o":[[-24,0],[0,0],[0,0],[-16,-2],[0,0]],"v":[[-574,-366],[-600,-341],[-518,-341],[-533,-358],[-552,-348]],"c":true},"ix":2},"nm":"Path 1","mn":"ADBE Vector Shape - Group","hd":false},{"ty":"fl","c":{"a":0,"k":[0.800000059838,0.800000059838,0.800000059838,1],"ix":4},"o":{"a":0,"k":100,"ix":5},"r":1,"bm":0,"nm":"Fill 1","mn":"ADBE Vector Graphic - Fill","hd":false},{"ty":"tr","p":{"a":1,"k":[{"i":{"x":0.833,"y":0.833},"o":{"x":0.167,"y":0.167},"t":0,"s":[169,139],"to":[6.5,0],"ti":[0,0]},{"i":{"x":0.833,"y":0.833},"o":{"x":0.167,"y":0.167},"t":65,"s":[208,139],"to":[0,0],"ti":[6.5,0]},{"t":123,"s":[169,139]}],"ix":2},"a":{"a":0,"k":[0,0],"ix":1},"s":{"a":0,"k":[100,100],"ix":3},"r":{"a":0,"k":0,"ix":6},"o":{"a":0,"k":100,"ix":7},"sk":{"a":0,"k":0,"ix":4},"sa":{"a":0,"k":0,"ix":5},"nm":"Transform"}],"nm":" Cloud 2","np":3,"cix":2,"bm":0,"ix":1,"mn":"ADBE Vector Group","hd":false},{"ty":"gr","it":[{"ind":0,"ty":"sh","ix":1,"ks":{"a":0,"k":{"i":[[24,0],[0,0],[0,0],[15.016,1.877],[0,0]],"o":[[-24,0],[0,0],[0,0],[-16,-2],[0,0]],"v":[[-574,-366],[-600,-341],[-518,-341],[-533,-358],[-552,-348]],"c":true},"ix":2},"nm":"Path 1","mn":"ADBE Vector Shape - Group","hd":false},{"ty":"fl","c":{"a":0,"k":[0.800000059838,0.800000059838,0.800000059838,1],"ix":4},"o":{"a":0,"k":100,"ix":5},"r":1,"bm":0,"nm":"Fill 1","mn":"ADBE Vector Graphic - Fill","hd":false},{"ty":"tr","p":{"a":1,"k":[{"i":{"x":0.833,"y":0.833},"o":{"x":0.167,"y":0.167},"t":0,"s":[-41,109],"to":[5.667,0],"ti":[0,0]},{"i":{"x":0.833,"y":0.833},"o":{"x":0.167,"y":0.167},"t":65,"s":[-7,109],"to":[0,0],"ti":[5.667,0]},{"t":123,"s":[-41,109]}],"ix":2},"a":{"a":0,"k":[0,0],"ix":1},"s":{"a":0,"k":[100,100],"ix":3},"r":{"a":0,"k":0,"ix":6},"o":{"a":0,"k":100,"ix":7},"sk":{"a":0,"k":0,"ix":4},"sa":{"a":0,"k":0,"ix":5},"nm":"Transform"}],"nm":"Cloud 1","np":3,"cix":2,"bm":0,"ix":2,"mn":"ADBE Vector Group","hd":false},{"ty":"gr","it":[{"d":1,"ty":"el","s":{"a":0,"k":[100,100],"ix":2},"p":{"a":0,"k":[0,0],"ix":3},"nm":"Ellipse Path 1","mn":"ADBE Vector Shape - Ellipse","hd":false},{"ty":"fl","c":{"a":0,"k":[1,0.909803981407,0.270588235294,1],"ix":4},"o":{"a":0,"k":100,"ix":5},"r":1,"bm":0,"nm":"Fill 1","mn":"ADBE Vector Graphic - Fill","hd":false},{"ty":"tr","p":{"a":0,"k":[-371.5,-337.5],"ix":2},"a":{"a":0,"k":[0,0],"ix":1},"s":{"a":0,"k":[100,100],"ix":3},"r":{"a":0,"k":0,"ix":6},"o":{"a":0,"k":100,"ix":7},"sk":{"a":0,"k":0,"ix":4},"sa":{"a":0,"k":0,"ix":5},"nm":"Transform"}],"nm":"Moon Body","np":3,"cix":2,"bm":0,"ix":3,"mn":"ADBE Vector Group","hd":false},{"ty":"gr","it":[{"ty":"gr","it":[{"ind":0,"ty":"sh","ix":1,"ks":{"a":0,"k":{"i":[[0,0],[0,0],[0,0],[0,0]],"o":[[0,0],[0,0],[0,0],[0,0]],"v":[[-450,-450],[-450,-100],[-300,-100],[-300,-450]],"c":true},"ix":2},"nm":"Path 1","mn":"ADBE Vector Shape - Group","hd":false},{"ty":"fl","c":{"a":0,"k":[1,0.998545209099,0.988235294118,1],"ix":4},"o":{"a":0,"k":100,"ix":5},"r":1,"bm":0,"nm":"Fill 1","mn":"ADBE Vector Graphic - Fill","hd":false},{"ty":"tr","p":{"a":0,"k":[0,0],"ix":2},"a":{"a":0,"k":[0,0],"ix":1},"s":{"a":0,"k":[100,100],"ix":3},"r":{"a":0,"k":0,"ix":6},"o":{"a":0,"k":100,"ix":7},"sk":{"a":0,"k":0,"ix":4},"sa":{"a":0,"k":0,"ix":5},"nm":"Transform"}],"nm":"Shape 3","np":3,"cix":2,"bm":0,"ix":1,"mn":"ADBE Vector Group","hd":false},{"ty":"gr","it":[{"ind":0,"ty":"sh","ix":1,"ks":{"a":0,"k":{"i":[[0,0],[0,0],[0,0],[0,0]],"o":[[0,0],[0,0],[0,0],[0,0]],"v":[[-650,-450],[-650,-100],[-500,-100],[-500,-448]],"c":true},"ix":2},"nm":"Path 1","mn":"ADBE Vector Shape - Group","hd":false},{"ty":"fl","c":{"a":0,"k":[1,0.998545209099,0.988235294118,1],"ix":4},"o":{"a":0,"k":100,"ix":5},"r":1,"bm":0,"nm":"Fill 1","mn":"ADBE Vector Graphic - Fill","hd":false},{"ty":"tr","p":{"a":0,"k":[0,0],"ix":2},"a":{"a":0,"k":[0,0],"ix":1},"s":{"a":0,"k":[100,100],"ix":3},"r":{"a":0,"k":0,"ix":6},"o":{"a":0,"k":100,"ix":7},"sk":{"a":0,"k":0,"ix":4},"sa":{"a":0,"k":0,"ix":5},"nm":"Transform"}],"nm":"Shape 2","np":3,"cix":2,"bm":0,"ix":2,"mn":"ADBE Vector Group","hd":false},{"ty":"tr","p":{"a":0,"k":[-475,-275],"ix":2},"a":{"a":0,"k":[-475,-275],"ix":1},"s":{"a":0,"k":[100,100],"ix":3},"r":{"a":0,"k":0,"ix":6},"o":{"a":0,"k":100,"ix":7},"sk":{"a":0,"k":0,"ix":4},"sa":{"a":0,"k":0,"ix":5},"nm":"Transform"}],"nm":"Glass","np":2,"cix":2,"bm":0,"ix":4,"mn":"ADBE Vector Group","hd":false},{"ty":"gr","it":[{"ind":0,"ty":"sh","ix":1,"ks":{"a":0,"k":{"i":[[0,0],[0,0],[0,0],[0,0]],"o":[[0,0],[0,0],[0,0],[0,0]],"v":[[-700,-500],[-700,-50],[-250,-50],[-250,-500]],"c":true},"ix":2},"nm":"Path 1","mn":"ADBE Vector Shape - Group","hd":false},{"ty":"fl","c":{"a":0,"k":[0,0,0,1],"ix":4},"o":{"a":0,"k":100,"ix":5},"r":1,"bm":0,"nm":"Fill 1","mn":"ADBE Vector Graphic - Fill","hd":false},{"ty":"tr","p":{"a":0,"k":[0,0],"ix":2},"a":{"a":0,"k":[0,0],"ix":1},"s":{"a":0,"k":[100,100],"ix":3},"r":{"a":0,"k":0,"ix":6},"o":{"a":0,"k":20,"ix":7},"sk":{"a":0,"k":0,"ix":4},"sa":{"a":0,"k":0,"ix":5},"nm":"Transform"}],"nm":"BG","np":3,"cix":2,"bm":0,"ix":5,"mn":"ADBE Vector Group","hd":false}],"ip":0,"op":125,"st":0,"bm":0},{"ddd":0,"ind":9,"ty":4,"nm":"BG Bottom Ellipse","sr":1,"ks":{"o":{"a":0,"k":20,"ix":11},"r":{"a":0,"k":0,"ix":10},"p":{"a":1,"k":[{"i":{"x":0,"y":1},"o":{"x":0.05,"y":0},"t":-26,"s":[656,636,0],"to":[15.167,-8.833,0],"ti":[0,0,0]},{"i":{"x":0,"y":1},"o":{"x":0.05,"y":0},"t":24.335,"s":[747,583,0],"to":[0,0,0],"ti":[15.167,-8.833,0]},{"t":123,"s":[656,636,0]}],"ix":2},"a":{"a":0,"k":[-168,-76,0],"ix":1},"s":{"a":0,"k":[52.381,52.381,100],"ix":6}},"ao":0,"shapes":[{"ty":"gr","it":[{"d":1,"ty":"el","s":{"a":0,"k":[504,504],"ix":2},"p":{"a":0,"k":[0,0],"ix":3},"nm":"Ellipse Path 1","mn":"ADBE Vector Shape - Ellipse","hd":false},{"ty":"fl","c":{"a":0,"k":[0.352941176471,0.752941236309,1,1],"ix":4},"o":{"a":0,"k":100,"ix":5},"r":1,"bm":0,"nm":"Fill 1","mn":"ADBE Vector Graphic - Fill","hd":false},{"ty":"tr","p":{"a":0,"k":[-168,-76],"ix":2},"a":{"a":0,"k":[0,0],"ix":1},"s":{"a":0,"k":[100,100],"ix":3},"r":{"a":0,"k":0,"ix":6},"o":{"a":0,"k":100,"ix":7},"sk":{"a":0,"k":0,"ix":4},"sa":{"a":0,"k":0,"ix":5},"nm":"Transform"}],"nm":"Ellipse 1","np":3,"cix":2,"bm":0,"ix":1,"mn":"ADBE Vector Group","hd":false}],"ip":0,"op":124,"st":0,"bm":0},{"ddd":0,"ind":10,"ty":4,"nm":"BG Top Ellips","sr":1,"ks":{"o":{"a":0,"k":20,"ix":11},"r":{"a":0,"k":0,"ix":10},"p":{"a":1,"k":[{"i":{"x":0,"y":1},"o":{"x":0.05,"y":0},"t":0,"s":[352,384,0],"to":[8.667,-11.5,0],"ti":[0,0.667,0]},{"i":{"x":0,"y":1},"o":{"x":0.05,"y":0},"t":100.67,"s":[404,315,0],"to":[0,-0.667,0],"ti":[8.667,-10.833,0]},{"t":150,"s":[352,380,0]}],"ix":2},"a":{"a":0,"k":[-168,-76,0],"ix":1},"s":{"a":0,"k":[82.54,82.54,100],"ix":6}},"ao":0,"shapes":[{"ty":"gr","it":[{"d":1,"ty":"el","s":{"a":0,"k":[504,504],"ix":2},"p":{"a":0,"k":[0,0],"ix":3},"nm":"Ellipse Path 1","mn":"ADBE Vector Shape - Ellipse","hd":false},{"ty":"fl","c":{"a":0,"k":[0.352941176471,0.752941236309,1,1],"ix":4},"o":{"a":0,"k":100,"ix":5},"r":1,"bm":0,"nm":"Fill 1","mn":"ADBE Vector Graphic - Fill","hd":false},{"ty":"tr","p":{"a":0,"k":[-168,-76],"ix":2},"a":{"a":0,"k":[0,0],"ix":1},"s":{"a":0,"k":[100,100],"ix":3},"r":{"a":0,"k":0,"ix":6},"o":{"a":0,"k":100,"ix":7},"sk":{"a":0,"k":0,"ix":4},"sa":{"a":0,"k":0,"ix":5},"nm":"Transform"}],"nm":"Ellipse 1","np":3,"cix":2,"bm":0,"ix":1,"mn":"ADBE Vector Group","hd":false}],"ip":0,"op":124,"st":0,"bm":0},{"ddd":0,"ind":11,"ty":4,"nm":"Clock","sr":1,"ks":{"o":{"a":0,"k":100,"ix":11},"r":{"a":0,"k":0,"ix":10},"p":{"a":0,"k":[398,327,0],"ix":2},"a":{"a":0,"k":[356,-290,0],"ix":1},"s":{"a":0,"k":[80,80,100],"ix":6}},"ao":0,"shapes":[{"ty":"gr","it":[{"ty":"gr","it":[{"ty":"gr","it":[{"ind":0,"ty":"sh","ix":1,"ks":{"a":0,"k":{"i":[[0,0],[0,0]],"o":[[0,0],[0,0]],"v":[[356,-232.25],[356,-225.25]],"c":false},"ix":2},"nm":"Path 1","mn":"ADBE Vector Shape - Group","hd":false},{"ty":"st","c":{"a":0,"k":[0.152941176471,0.317647058824,0.470588265213,1],"ix":3},"o":{"a":0,"k":100,"ix":4},"w":{"a":0,"k":3,"ix":5},"lc":1,"lj":1,"ml":4,"bm":0,"nm":"Stroke 1","mn":"ADBE Vector Graphic - Stroke","hd":false},{"ty":"tr","p":{"a":0,"k":[0,0],"ix":2},"a":{"a":0,"k":[0,0],"ix":1},"s":{"a":0,"k":[100,100],"ix":3},"r":{"a":0,"k":0,"ix":6},"o":{"a":0,"k":100,"ix":7},"sk":{"a":0,"k":0,"ix":4},"sa":{"a":0,"k":0,"ix":5},"nm":"Transform"}],"nm":"Shape 2","np":3,"cix":2,"bm":0,"ix":1,"mn":"ADBE Vector Group","hd":false},{"ty":"gr","it":[{"ind":0,"ty":"sh","ix":1,"ks":{"a":0,"k":{"i":[[0,0],[0,0]],"o":[[0,0],[0,0]],"v":[[356.25,-354.75],[356.25,-345.75]],"c":false},"ix":2},"nm":"Path 1","mn":"ADBE Vector Shape - Group","hd":false},{"ty":"st","c":{"a":0,"k":[0.152941176471,0.317647058824,0.470588265213,1],"ix":3},"o":{"a":0,"k":100,"ix":4},"w":{"a":0,"k":3,"ix":5},"lc":1,"lj":1,"ml":4,"bm":0,"nm":"Stroke 1","mn":"ADBE Vector Graphic - Stroke","hd":false},{"ty":"tr","p":{"a":0,"k":[0,0],"ix":2},"a":{"a":0,"k":[0,0],"ix":1},"s":{"a":0,"k":[100,100],"ix":3},"r":{"a":0,"k":0,"ix":6},"o":{"a":0,"k":100,"ix":7},"sk":{"a":0,"k":0,"ix":4},"sa":{"a":0,"k":0,"ix":5},"nm":"Transform"}],"nm":"Shape 1","np":3,"cix":2,"bm":0,"ix":2,"mn":"ADBE Vector Group","hd":false},{"ty":"tr","p":{"a":0,"k":[356.125,-290],"ix":2},"a":{"a":0,"k":[356.125,-290],"ix":1},"s":{"a":0,"k":[100,100],"ix":3},"r":{"a":0,"k":90,"ix":6},"o":{"a":0,"k":100,"ix":7},"sk":{"a":0,"k":0,"ix":4},"sa":{"a":0,"k":0,"ix":5},"nm":"Transform"}],"nm":"H","np":2,"cix":2,"bm":0,"ix":1,"mn":"ADBE Vector Group","hd":false},{"ty":"gr","it":[{"ty":"gr","it":[{"ind":0,"ty":"sh","ix":1,"ks":{"a":0,"k":{"i":[[0,0],[0,0]],"o":[[0,0],[0,0]],"v":[[356,-232.25],[356,-225.25]],"c":false},"ix":2},"nm":"Path 1","mn":"ADBE Vector Shape - Group","hd":false},{"ty":"st","c":{"a":0,"k":[0.152941176471,0.317647058824,0.470588265213,1],"ix":3},"o":{"a":0,"k":100,"ix":4},"w":{"a":0,"k":3,"ix":5},"lc":1,"lj":1,"ml":4,"bm":0,"nm":"Stroke 1","mn":"ADBE Vector Graphic - Stroke","hd":false},{"ty":"tr","p":{"a":0,"k":[0,0],"ix":2},"a":{"a":0,"k":[0,0],"ix":1},"s":{"a":0,"k":[100,100],"ix":3},"r":{"a":0,"k":0,"ix":6},"o":{"a":0,"k":100,"ix":7},"sk":{"a":0,"k":0,"ix":4},"sa":{"a":0,"k":0,"ix":5},"nm":"Transform"}],"nm":"Shape 2","np":3,"cix":2,"bm":0,"ix":1,"mn":"ADBE Vector Group","hd":false},{"ty":"gr","it":[{"ind":0,"ty":"sh","ix":1,"ks":{"a":0,"k":{"i":[[0,0],[0,0]],"o":[[0,0],[0,0]],"v":[[356.25,-354.75],[356.25,-345.75]],"c":false},"ix":2},"nm":"Path 1","mn":"ADBE Vector Shape - Group","hd":false},{"ty":"st","c":{"a":0,"k":[0.152941176471,0.317647058824,0.470588265213,1],"ix":3},"o":{"a":0,"k":100,"ix":4},"w":{"a":0,"k":3,"ix":5},"lc":1,"lj":1,"ml":4,"bm":0,"nm":"Stroke 1","mn":"ADBE Vector Graphic - Stroke","hd":false},{"ty":"tr","p":{"a":0,"k":[0,0],"ix":2},"a":{"a":0,"k":[0,0],"ix":1},"s":{"a":0,"k":[100,100],"ix":3},"r":{"a":0,"k":0,"ix":6},"o":{"a":0,"k":100,"ix":7},"sk":{"a":0,"k":0,"ix":4},"sa":{"a":0,"k":0,"ix":5},"nm":"Transform"}],"nm":"Shape 1","np":3,"cix":2,"bm":0,"ix":2,"mn":"ADBE Vector Group","hd":false},{"ty":"tr","p":{"a":0,"k":[356.125,-290],"ix":2},"a":{"a":0,"k":[356.125,-290],"ix":1},"s":{"a":0,"k":[100,100],"ix":3},"r":{"a":0,"k":0,"ix":6},"o":{"a":0,"k":100,"ix":7},"sk":{"a":0,"k":0,"ix":4},"sa":{"a":0,"k":0,"ix":5},"nm":"Transform"}],"nm":"V","np":2,"cix":2,"bm":0,"ix":2,"mn":"ADBE Vector Group","hd":false},{"ty":"tr","p":{"a":0,"k":[356.125,-290],"ix":2},"a":{"a":0,"k":[356.125,-290],"ix":1},"s":{"a":0,"k":[100,100],"ix":3},"r":{"a":0,"k":0,"ix":6},"o":{"a":0,"k":100,"ix":7},"sk":{"a":0,"k":0,"ix":4},"sa":{"a":0,"k":0,"ix":5},"nm":"Transform"}],"nm":"Hr Mark","np":2,"cix":2,"bm":0,"ix":1,"mn":"ADBE Vector Group","hd":false},{"ty":"gr","it":[{"d":1,"ty":"el","s":{"a":0,"k":[10,10],"ix":2},"p":{"a":0,"k":[0,0],"ix":3},"nm":"Ellipse Path 1","mn":"ADBE Vector Shape - Ellipse","hd":false},{"ty":"fl","c":{"a":0,"k":[0.262745098039,0.262745098039,0.262745098039,1],"ix":4},"o":{"a":0,"k":100,"ix":5},"r":1,"bm":0,"nm":"Fill 1","mn":"ADBE Vector Graphic - Fill","hd":false},{"ty":"tr","p":{"a":0,"k":[356,-290],"ix":2},"a":{"a":0,"k":[0,0],"ix":1},"s":{"a":0,"k":[100,100],"ix":3},"r":{"a":0,"k":0,"ix":6},"o":{"a":0,"k":100,"ix":7},"sk":{"a":0,"k":0,"ix":4},"sa":{"a":0,"k":0,"ix":5},"nm":"Transform"}],"nm":"Ellipse 3","np":3,"cix":2,"bm":0,"ix":2,"mn":"ADBE Vector Group","hd":false},{"ty":"gr","it":[{"d":1,"ty":"el","s":{"a":0,"k":[130,130],"ix":2},"p":{"a":0,"k":[0,0],"ix":3},"nm":"Ellipse Path 1","mn":"ADBE Vector Shape - Ellipse","hd":false},{"ty":"gf","o":{"a":0,"k":20,"ix":10},"r":1,"bm":0,"g":{"p":3,"k":{"a":0,"k":[0,0.898,0.898,0.898,0.168,0.527,0.61,0.688,1,0.157,0.322,0.478],"ix":9}},"s":{"a":0,"k":[0,0],"ix":5},"e":{"a":0,"k":[264,0],"ix":6},"t":2,"h":{"a":0,"k":0,"ix":7},"a":{"a":0,"k":0,"ix":8},"nm":"Gradient Fill 1","mn":"ADBE Vector Graphic - G-Fill","hd":false},{"ty":"tr","p":{"a":0,"k":[356,-290],"ix":2},"a":{"a":0,"k":[0,0],"ix":1},"s":{"a":0,"k":[100,100],"ix":3},"r":{"a":0,"k":0,"ix":6},"o":{"a":0,"k":100,"ix":7},"sk":{"a":0,"k":0,"ix":4},"sa":{"a":0,"k":0,"ix":5},"nm":"Transform"}],"nm":"Ellipse 2","np":3,"cix":2,"bm":0,"ix":3,"mn":"ADBE Vector Group","hd":false},{"ty":"gr","it":[{"ty":"rc","d":1,"s":{"a":0,"k":[4,50],"ix":2},"p":{"a":0,"k":[0,0],"ix":3},"r":{"a":0,"k":20,"ix":4},"nm":"Rectangle Path 1","mn":"ADBE Vector Shape - Rect","hd":false},{"ty":"fl","c":{"a":0,"k":[0.996078491211,0.207843152214,0.298039215686,1],"ix":4},"o":{"a":0,"k":100,"ix":5},"r":1,"bm":0,"nm":"Fill 1","mn":"ADBE Vector Graphic - Fill","hd":false},{"ty":"tr","p":{"a":0,"k":[356,-289.938],"ix":2},"a":{"a":0,"k":[0,25.063],"ix":1},"s":{"a":0,"k":[100,100],"ix":3},"r":{"a":1,"k":[{"i":{"x":[0.833],"y":[0.833]},"o":{"x":[0.167],"y":[0.167]},"t":0,"s":[0]},{"t":124,"s":[720]}],"ix":6},"o":{"a":0,"k":100,"ix":7},"sk":{"a":0,"k":0,"ix":4},"sa":{"a":0,"k":0,"ix":5},"nm":"Transform"}],"nm":"Min","np":3,"cix":2,"bm":0,"ix":4,"mn":"ADBE Vector Group","hd":false},{"ty":"gr","it":[{"ty":"rc","d":1,"s":{"a":0,"k":[7.5,30],"ix":2},"p":{"a":0,"k":[0,0],"ix":3},"r":{"a":0,"k":20,"ix":4},"nm":"Rectangle Path 1","mn":"ADBE Vector Shape - Rect","hd":false},{"ty":"fl","c":{"a":0,"k":[0.262745098039,0.262745098039,0.262745098039,1],"ix":4},"o":{"a":0,"k":100,"ix":5},"r":1,"bm":0,"nm":"Fill 1","mn":"ADBE Vector Graphic - Fill","hd":false},{"ty":"tr","p":{"a":0,"k":[356,-290.063],"ix":2},"a":{"a":0,"k":[0,14.938],"ix":1},"s":{"a":0,"k":[100,100],"ix":3},"r":{"a":1,"k":[{"i":{"x":[0.833],"y":[0.833]},"o":{"x":[0.167],"y":[0.167]},"t":0,"s":[0]},{"t":124,"s":[360]}],"ix":6},"o":{"a":0,"k":100,"ix":7},"sk":{"a":0,"k":0,"ix":4},"sa":{"a":0,"k":0,"ix":5},"nm":"Transform"}],"nm":"Hr","np":3,"cix":2,"bm":0,"ix":5,"mn":"ADBE Vector Group","hd":false},{"ty":"gr","it":[{"d":1,"ty":"el","s":{"a":0,"k":[168,168],"ix":2},"p":{"a":0,"k":[0,0],"ix":3},"nm":"Ellipse Path 1","mn":"ADBE Vector Shape - Ellipse","hd":false},{"ty":"fl","c":{"a":0,"k":[0.941176530427,0.941176530427,0.941176530427,1],"ix":4},"o":{"a":0,"k":100,"ix":5},"r":1,"bm":0,"nm":"Fill 1","mn":"ADBE Vector Graphic - Fill","hd":false},{"ty":"tr","p":{"a":0,"k":[356,-290],"ix":2},"a":{"a":0,"k":[0,0],"ix":1},"s":{"a":0,"k":[100,100],"ix":3},"r":{"a":0,"k":0,"ix":6},"o":{"a":0,"k":100,"ix":7},"sk":{"a":0,"k":0,"ix":4},"sa":{"a":0,"k":0,"ix":5},"nm":"Transform"}],"nm":"BG Body","np":3,"cix":2,"bm":0,"ix":6,"mn":"ADBE Vector Group","hd":false}],"ip":0,"op":124,"st":0,"bm":0}],"markers":[]}